-- phpMyAdmin SQL Dump
-- version 4.8.0
-- https://www.phpmyadmin.net/
--
-- Host: 127.0.0.1
-- Waktu pembuatan: 30 Agu 2019 pada 14.52
-- Versi server: 10.1.31-MariaDB
-- Versi PHP: 5.6.35

SET SQL_MODE = "NO_AUTO_VALUE_ON_ZERO";
SET AUTOCOMMIT = 0;
START TRANSACTION;
SET time_zone = "+00:00";


/*!40101 SET @OLD_CHARACTER_SET_CLIENT=@@CHARACTER_SET_CLIENT */;
/*!40101 SET @OLD_CHARACTER_SET_RESULTS=@@CHARACTER_SET_RESULTS */;
/*!40101 SET @OLD_COLLATION_CONNECTION=@@COLLATION_CONNECTION */;
/*!40101 SET NAMES utf8mb4 */;

--
-- Database: `aditya`
--

-- --------------------------------------------------------

--
-- Struktur dari tabel `in_stok`
--

CREATE TABLE `in_stok` (
  `id_in_stok` int(10) UNSIGNED NOT NULL,
  `no_transaksi` int(11) NOT NULL,
  `tanggal` datetime NOT NULL,
  `kode_brg` varchar(255) NOT NULL,
  `qty` int(11) NOT NULL,
  `harga` int(11) NOT NULL
) ENGINE=InnoDB DEFAULT CHARSET=utf8;

--
-- Dumping data untuk tabel `in_stok`
--

INSERT INTO `in_stok` (`id_in_stok`, `no_transaksi`, `tanggal`, `kode_brg`, `qty`, `harga`) VALUES
(1, 1, '2017-08-25 00:00:00', 'B0001', 10, 8000),
(2, 1, '2017-08-25 16:56:28', 'B0001', 1, 1200000),
(3, 2, '2017-08-25 00:00:00', 'B0002', 10, 9000),
(4, 3, '2017-08-25 00:00:00', 'B0004', 10, 13000),
(5, 4, '2017-08-25 00:00:00', 'B0003', 4, 1000),
(6, 5, '2017-08-25 00:00:00', 'B0003', 3, 1000),
(7, 6, '2017-08-27 00:00:00', 'B0001', 9, 8000),
(8, 7, '2017-08-27 00:00:00', 'B0002', 7, 9000),
(9, 1, '2016-11-27 00:00:00', 'B35', 6, 265226),
(10, 1, '2016-11-27 00:00:00', 'B32', 3, 182826),
(11, 2, '2016-11-27 00:00:00', 'B40', 12, 17500),
(12, 3, '2016-11-30 00:00:00', 'B23', 6, 106800),
(13, 3, '2016-11-30 00:00:00', 'B25', 6, 168700),
(14, 4, '2016-11-30 00:00:00', 'B41', 6, 17500),
(15, 5, '2016-12-01 00:00:00', 'B36', 3, 179100),
(16, 6, '2016-12-01 00:00:00', 'B1', 6, 24000),
(17, 6, '2016-12-01 00:00:00', 'B9', 8, 76800),
(18, 7, '2016-12-01 00:00:00', 'B7', 6, 8000),
(19, 7, '2016-12-01 00:00:00', 'B10', 6, 76800),
(20, 8, '2016-12-09 00:00:00', 'B19', 6, 34800),
(21, 8, '2016-12-09 00:00:00', 'B18', 6, 200400),
(22, 9, '2016-12-09 00:00:00', 'B1', 6, 24000),
(23, 9, '2016-12-09 00:00:00', 'B2', 3, 23000),
(24, 10, '2016-12-15 00:00:00', 'B9', 12, 76800),
(25, 11, '2016-12-15 00:00:00', 'B3', 12, 25000),
(26, 12, '2016-12-30 00:00:00', 'B7', 9, 8000),
(27, 12, '2016-12-30 00:00:00', 'B3', 3, 25000),
(28, 13, '2016-12-30 00:00:00', 'B30', 3, 376900),
(29, 14, '2017-01-01 00:00:00', 'B24', 3, 134900),
(30, 14, '2017-01-01 00:00:00', 'B25', 3, 168700),
(31, 15, '2017-01-01 00:00:00', 'B11', 6, 27800),
(32, 16, '2017-01-13 00:00:00', 'B31', 6, 218900),
(33, 17, '2017-01-13 00:00:00', 'B33', 12, 86195),
(34, 18, '2017-01-27 00:00:00', 'B35', 3, 265226),
(35, 19, '2017-02-10 00:00:00', 'B17', 12, 25700),
(36, 20, '2017-02-26 00:00:00', 'B26', 6, 134800),
(37, 21, '2017-02-26 00:00:00', 'B32', 6, 182826),
(38, 22, '2017-02-26 00:00:00', 'B20', 6, 138100),
(39, 23, '2017-03-10 00:00:00', 'B3', 3, 25000),
(40, 24, '2017-03-10 00:00:00', 'B22', 6, 115900),
(41, 25, '2017-03-25 00:00:00', 'B34', 6, 317230),
(42, 26, '2017-04-27 00:00:00', 'B5', 6, 25000),
(43, 27, '2017-04-27 00:00:00', 'B6', 6, 25000),
(44, 28, '2017-04-27 00:00:00', 'B5', 6, 25000),
(45, 1, '2017-08-29 23:47:04', 'B7', 1, 10000),
(46, 29, '2017-09-06 00:00:00', 'B1', 1, 24000),
(47, 30, '2017-09-07 00:00:00', 'B13', 12, 34900),
(48, 2, '2017-09-08 21:38:39', 'B1', 2, 27000),
(49, 4, '2017-09-08 22:39:56', 'B1', 2, 27000),
(50, 31, '2017-09-08 00:00:00', 'B12', 10, 87100),
(51, 32, '2017-09-09 00:00:00', 'B2', 10, 23000),
(52, 5, '2017-09-09 21:04:58', 'B2', 1, 25000),
(53, 1, '2017-09-10 00:00:00', 'B35', 6, 265226),
(54, 1, '2017-09-10 00:00:00', 'B32', 3, 182826),
(55, 1, '2016-01-10 00:00:00', 'B35', 6, 265226),
(56, 1, '2016-01-10 00:00:00', 'B36', 1, 179100),
(57, 2, '2016-01-10 00:00:00', 'B37', 6, 42500),
(58, 3, '2016-01-14 00:00:00', 'B21', 6, 87100),
(59, 4, '2016-01-14 00:00:00', 'B41', 6, 17500),
(60, 5, '2016-01-14 00:00:00', 'B36', 3, 179100),
(61, 6, '2016-01-23 00:00:00', 'B8', 12, 42000),
(62, 6, '2016-01-23 00:00:00', 'B4', 12, 25000),
(63, 7, '2016-01-23 00:00:00', 'B7', 6, 8000),
(64, 7, '2016-01-23 00:00:00', 'B10', 6, 76800),
(65, 8, '2016-01-23 00:00:00', 'B19', 6, 34800),
(66, 8, '2016-01-23 00:00:00', 'B18', 6, 200400),
(67, 9, '2016-01-31 00:00:00', 'B34', 3, 317230),
(68, 10, '2016-01-31 00:00:00', 'B23', 6, 106800),
(69, 11, '2016-01-31 00:00:00', 'B43', 20, 2500),
(70, 12, '2016-02-01 00:00:00', 'B7', 9, 8000),
(71, 12, '2016-02-01 00:00:00', 'B3', 3, 25000),
(72, 12, '2016-02-01 00:00:00', 'B6', 6, 25000),
(73, 13, '2016-02-01 00:00:00', 'B22', 6, 115900),
(74, 14, '2016-02-01 00:00:00', 'B39', 6, 42500),
(75, 14, '2016-02-01 00:00:00', 'B38', 6, 42500),
(76, 15, '2016-02-13 00:00:00', 'B42', 6, 36700),
(77, 16, '2016-02-13 00:00:00', 'B31', 6, 218900),
(78, 17, '2016-02-13 00:00:00', 'B33', 12, 86195),
(79, 18, '2016-02-19 00:00:00', 'B24', 6, 134900),
(80, 19, '2016-02-19 00:00:00', 'B17', 12, 25700),
(81, 19, '2016-02-19 00:00:00', 'B11', 1, 27800),
(82, 20, '2016-02-19 00:00:00', 'B6', 6, 25000),
(83, 20, '2016-02-19 00:00:00', 'B11', 12, 27800),
(84, 21, '2016-03-01 00:00:00', 'B35', 3, 265226),
(85, 21, '2016-03-01 00:00:00', 'B34', 3, 317230),
(86, 22, '2016-03-01 00:00:00', 'B20', 6, 138100),
(87, 23, '2016-03-18 00:00:00', 'B44', 6, 16746),
(88, 24, '2016-03-18 00:00:00', 'B22', 6, 115900),
(89, 25, '2016-03-31 00:00:00', 'B34', 6, 317230),
(90, 26, '2016-03-31 00:00:00', 'B5', 6, 25000),
(91, 26, '2016-03-31 00:00:00', 'B12', 12, 87100),
(92, 26, '2016-03-31 00:00:00', 'B14', 6, 28100),
(93, 27, '2016-03-31 00:00:00', 'B36', 6, 179100),
(94, 28, '2016-04-01 00:00:00', 'B34', 6, 317230),
(95, 29, '2016-04-01 00:00:00', 'B1', 1, 24000),
(96, 29, '2016-04-01 00:00:00', 'B2', 5, 23000),
(97, 29, '2016-04-01 00:00:00', 'B12', 9, 87100),
(98, 29, '2016-04-01 00:00:00', 'B14', 6, 28100),
(99, 30, '2016-04-06 00:00:00', 'B6', 6, 25000),
(100, 30, '2016-04-06 00:00:00', 'B15', 6, 84200),
(101, 31, '2016-04-06 00:00:00', 'B43', 12, 2500),
(102, 32, '2016-04-30 00:00:00', 'B40', 6, 17500),
(103, 33, '2016-04-30 00:00:00', 'B31', 6, 218900),
(104, 34, '2016-05-01 00:00:00', 'B35', 1, 265226),
(105, 35, '2016-05-01 00:00:00', 'B45', 3, 19000),
(106, 36, '2016-05-21 00:00:00', 'B31', 3, 218900),
(107, 37, '2016-05-21 00:00:00', 'B34', 3, 317230),
(108, 38, '2016-06-10 00:00:00', 'B32', 3, 182826),
(109, 39, '2016-06-10 00:00:00', 'B40', 12, 17500),
(110, 40, '2016-06-24 00:00:00', 'B20', 6, 138100),
(111, 40, '2016-06-24 00:00:00', 'B24', 6, 134900),
(112, 41, '2016-06-24 00:00:00', 'B37', 6, 42500),
(113, 42, '2016-06-24 00:00:00', 'B45', 6, 19000),
(114, 43, '2016-07-01 00:00:00', 'B35', 6, 265226),
(115, 44, '2016-07-01 00:00:00', 'B1', 6, 24000),
(116, 45, '2016-07-01 00:00:00', 'B30', 6, 376900),
(117, 46, '2016-07-14 00:00:00', 'B31', 3, 218900),
(118, 47, '2016-07-14 00:00:00', 'B23', 3, 106800),
(119, 48, '2016-08-19 00:00:00', 'B20', 6, 138100),
(120, 48, '2016-08-19 00:00:00', 'B23', 6, 106800),
(121, 49, '2016-08-19 00:00:00', 'B32', 6, 182826),
(122, 49, '2016-08-19 00:00:00', 'B33', 5, 86195),
(123, 50, '2016-08-19 00:00:00', 'B45', 6, 19000),
(124, 51, '2016-08-31 00:00:00', 'B33', 6, 86195),
(125, 52, '2016-08-31 00:00:00', 'B1', 3, 24000),
(126, 52, '2016-08-31 00:00:00', 'B3', 3, 25000),
(127, 52, '2016-08-31 00:00:00', 'B5', 3, 25000),
(128, 53, '2016-09-02 00:00:00', 'B31', 3, 218900),
(129, 53, '2016-09-02 00:00:00', 'B32', 3, 182826),
(130, 54, '2016-09-02 00:00:00', 'B39', 12, 42500),
(131, 55, '2016-09-13 00:00:00', 'B35', 6, 265226),
(132, 56, '2016-09-13 00:00:00', 'B36', 6, 179100),
(133, 57, '2016-09-13 00:00:00', 'B40', 12, 17500),
(134, 58, '2016-10-04 00:00:00', 'B2', 6, 23000),
(135, 59, '2016-10-04 00:00:00', 'B40', 12, 17500),
(136, 60, '2016-10-21 00:00:00', 'B35', 6, 265226),
(137, 61, '2016-10-21 00:00:00', 'B22', 6, 115900),
(138, 61, '2016-10-21 00:00:00', 'B23', 6, 106800),
(139, 62, '2016-11-03 00:00:00', 'B33', 4, 86195),
(140, 63, '2016-11-03 00:00:00', 'B36', 3, 179100),
(141, 64, '2016-11-26 00:00:00', 'B23', 3, 106800),
(142, 64, '2016-11-26 00:00:00', 'B24', 3, 134900),
(143, 65, '2016-11-26 00:00:00', 'B41', 6, 17500),
(144, 65, '2016-11-26 00:00:00', 'B45', 6, 19000),
(145, 66, '2016-12-23 00:00:00', 'B10', 6, 76800),
(146, 66, '2016-12-23 00:00:00', 'B13', 6, 34900),
(147, 67, '2016-12-23 00:00:00', 'B40', 9, 17500),
(148, 68, '2016-12-29 00:00:00', 'B37', 25, 42500),
(149, 69, '2016-12-29 00:00:00', 'B34', 6, 317230),
(150, 69, '2016-12-29 00:00:00', 'B35', 6, 265226),
(151, 70, '2016-12-29 00:00:00', 'B23', 6, 106800),
(152, 71, '2017-01-06 00:00:00', 'B29', 6, 413900),
(153, 71, '2017-01-06 00:00:00', 'B30', 6, 376900),
(154, 72, '2017-01-06 00:00:00', 'B34', 6, 317230),
(155, 73, '2017-01-26 00:00:00', 'B21', 6, 87100),
(156, 74, '2017-01-26 00:00:00', 'B38', 6, 42500),
(157, 75, '2017-02-01 00:00:00', 'B3', 6, 25000),
(158, 75, '2017-02-01 00:00:00', 'B4', 6, 25000),
(159, 76, '2017-02-01 00:00:00', 'B35', 6, 265226),
(160, 77, '2017-02-24 00:00:00', 'B5', 6, 25000),
(161, 78, '2017-02-24 00:00:00', 'B35', 6, 265226),
(162, 79, '2017-03-10 00:00:00', 'B44', 6, 16746),
(163, 80, '2017-03-10 00:00:00', 'B23', 6, 106800),
(164, 81, '2017-03-23 00:00:00', 'B19', 3, 34800),
(165, 81, '2017-03-23 00:00:00', 'B11', 3, 27800),
(166, 82, '2017-03-23 00:00:00', 'B29', 6, 413900),
(167, 82, '2017-03-23 00:00:00', 'B30', 6, 376900),
(168, 83, '2017-04-07 00:00:00', 'B19', 6, 34800),
(169, 83, '2017-04-07 00:00:00', 'B17', 1, 25700),
(170, 83, '2017-04-07 00:00:00', 'B16', 3, 33800),
(171, 84, '2017-04-07 00:00:00', 'B44', 3, 16746),
(172, 84, '2017-04-07 00:00:00', 'B45', 3, 19000),
(173, 85, '2017-05-03 00:00:00', 'B44', 6, 16746),
(174, 86, '2017-05-03 00:00:00', 'B29', 6, 413900),
(175, 87, '2017-05-03 00:00:00', 'B31', 1, 218900),
(176, 87, '2017-05-03 00:00:00', 'B32', 3, 182826),
(177, 88, '2017-05-18 00:00:00', 'B1', 6, 24000),
(178, 88, '2017-05-18 00:00:00', 'B12', 6, 87100),
(179, 88, '2017-05-18 00:00:00', 'B3', 6, 25000),
(180, 88, '2017-05-18 00:00:00', 'B5', 6, 25000),
(181, 89, '2017-05-18 00:00:00', 'B42', 6, 36700),
(182, 90, '2017-06-01 00:00:00', 'B31', 6, 218900),
(183, 91, '2017-06-01 00:00:00', 'B13', 6, 34900),
(184, 91, '2017-06-01 00:00:00', 'B15', 6, 84200),
(185, 92, '2017-07-04 00:00:00', 'B43', 20, 2500),
(186, 93, '2017-07-04 00:00:00', 'B38', 6, 42500),
(187, 94, '2017-08-03 00:00:00', 'B1', 3, 24000),
(188, 94, '2017-08-03 00:00:00', 'B4', 4, 25000),
(189, 95, '2017-08-03 00:00:00', 'B40', 6, 17500),
(190, 96, '2017-09-02 00:00:00', 'B20', 6, 138100),
(191, 97, '2017-09-02 00:00:00', 'B32', 3, 182826),
(192, 97, '2017-09-02 00:00:00', 'B33', 3, 86195),
(193, 98, '2017-09-11 00:00:00', 'B1', 1, 24000),
(194, 6, '2017-09-11 22:23:05', 'B1', 1, 27000),
(195, 99, '2017-09-11 00:00:00', 'B1', 2, 24000),
(196, 7, '2017-09-11 22:33:03', 'B1', 1, 27000),
(197, 8, '2017-09-11 22:49:13', 'B3', 2, 27000),
(198, 100, '2017-09-11 00:00:00', 'B34', 1, 317230),
(199, 101, '2017-09-12 00:00:00', 'B1', 3, 24000),
(200, 9, '2017-09-12 07:39:04', 'B1', 1, 27000),
(201, 102, '2017-09-12 00:00:00', 'B1', 10, 24000),
(202, 10, '2017-09-12 10:32:36', 'B1', 1, 27000),
(203, 103, '2017-09-13 00:00:00', 'B2', 5, 23000),
(204, 11, '2017-09-13 09:01:54', 'B2', 2, 25000),
(205, 104, '2017-09-13 00:00:00', 'B35', 1, 265226),
(206, 105, '2017-09-13 00:00:00', 'B6', 3, 25000),
(207, 12, '2017-09-13 22:56:14', 'B1', 5, 27000),
(208, 106, '2017-09-13 00:00:00', 'B1', 10, 24000),
(209, 107, '2017-09-13 00:00:00', 'B2', 5, 23000),
(210, 13, '2017-09-13 23:09:53', 'B1', 5, 27000);

-- --------------------------------------------------------

--
-- Struktur dari tabel `out_stok`
--

CREATE TABLE `out_stok` (
  `id_out_stok` int(10) UNSIGNED NOT NULL,
  `no_transaksi` varchar(255) NOT NULL,
  `tanggal` datetime NOT NULL,
  `kode_brg` varchar(255) NOT NULL,
  `qty` int(11) NOT NULL,
  `harga` int(11) NOT NULL
) ENGINE=InnoDB DEFAULT CHARSET=utf8;

--
-- Dumping data untuk tabel `out_stok`
--

INSERT INTO `out_stok` (`id_out_stok`, `no_transaksi`, `tanggal`, `kode_brg`, `qty`, `harga`) VALUES
(1, '1', '2017-08-25 16:55:18', 'B0001', 5, 8000),
(2, '1', '2017-08-25 16:55:54', 'B0001', 1, 1200000),
(3, '2', '2017-08-25 19:12:09', 'B0003', 1, 1000),
(4, '1', '2016-01-01 22:48:21', 'B1', 2, 27000),
(5, '1', '2016-01-01 22:48:21', 'B2', 2, 25000),
(6, '2', '2016-01-01 22:48:37', 'B3', 3, 27000),
(7, '3', '2016-01-22 22:49:09', 'B30', 1, 384000),
(8, '4', '2016-01-22 22:49:31', 'B32', 1, 205000),
(9, '4', '2016-01-22 22:49:31', 'B35', 1, 280000),
(10, '5', '2016-02-05 22:50:03', 'B8', 1, 45000),
(11, '5', '2016-02-05 22:50:04', 'B33', 1, 105000),
(12, '6', '2016-02-05 22:50:24', 'B23', 3, 119900),
(13, '7', '2016-02-20 22:50:58', 'B11', 1, 30000),
(14, '7', '2016-02-20 22:50:59', 'B15', 1, 86000),
(15, '8', '2016-02-20 22:51:29', 'B2', 1, 25000),
(16, '8', '2016-02-20 22:51:29', 'B4', 1, 27000),
(17, '9', '2016-03-18 22:52:55', 'B19', 1, 36000),
(18, '9', '2016-03-18 22:52:55', 'B20', 1, 148900),
(19, '10', '2016-03-18 22:53:09', 'B13', 1, 37000),
(20, '11', '2016-03-31 22:53:40', 'B15', 1, 86000),
(21, '11', '2016-03-31 22:53:40', 'B16', 1, 35000),
(22, '12', '2016-03-31 22:54:03', 'B22', 3, 126800),
(23, '13', '2016-04-01 22:54:47', 'B6', 3, 27000),
(24, '13', '2016-04-01 22:54:47', 'B3', 1, 27000),
(25, '14', '2016-04-01 22:55:07', 'B6', 1, 27000),
(26, '14', '2016-04-01 22:55:07', 'B7', 1, 10000),
(27, '15', '2016-04-15 22:55:34', 'B9', 1, 80000),
(28, '15', '2016-04-15 22:55:34', 'B10', 1, 80000),
(29, '16', '2016-04-15 22:55:52', 'B6', 1, 27000),
(30, '17', '2016-05-01 22:56:15', 'B7', 1, 10000),
(31, '18', '2016-05-01 22:56:28', 'B11', 1, 30000),
(32, '19', '2016-05-28 22:56:56', 'B9', 1, 80000),
(33, '20', '2016-05-28 22:57:16', 'B10', 1, 80000),
(34, '21', '2016-06-01 22:57:38', 'B11', 1, 30000),
(35, '22', '2016-06-01 22:57:57', 'B12', 1, 90000),
(36, '23', '2016-06-24 22:58:17', 'B13', 1, 37000),
(37, '24', '2017-01-24 22:58:48', 'B14', 2, 30000),
(38, '25', '2017-01-24 22:59:02', 'B17', 1, 27000),
(39, '26', '2017-01-30 22:59:29', 'B20', 6, 148900),
(40, '27', '2017-01-30 22:59:47', 'B39', 1, 45000),
(41, '28', '2017-02-28 23:00:11', 'B30', 1, 384000),
(42, '29', '2017-02-28 23:00:47', 'B37', 3, 45000),
(43, '30', '2017-03-16 23:01:20', 'B40', 6, 19000),
(44, '31', '2017-03-16 23:01:36', 'B20', 1, 148900),
(45, '31', '2017-03-16 23:01:36', 'B21', 1, 99800),
(46, '32', '2017-03-24 23:02:10', 'B7', 1, 10000),
(47, '32', '2017-03-24 23:02:10', 'B3', 1, 27000),
(48, '33', '2017-03-24 23:02:24', 'B9', 1, 80000),
(49, '34', '2017-04-15 23:03:01', 'B30', 1, 384000),
(50, '35', '2017-04-15 23:03:19', 'B35', 4, 280000),
(51, '36', '2017-04-29 23:03:43', 'B7', 1, 10000),
(52, '36', '2017-04-29 23:03:43', 'B5', 1, 27000),
(53, '37', '2017-05-26 23:04:18', 'B39', 1, 45000),
(54, '38', '2017-05-26 23:04:37', 'B35', 3, 280000),
(55, '39', '2017-05-31 23:05:07', 'B37', 1, 45000),
(56, '40', '2017-05-31 23:05:20', 'B29', 1, 420000),
(57, '41', '2017-06-01 23:05:41', 'B7', 1, 10000),
(58, '42', '2017-06-30 23:06:09', 'B12', 1, 90000),
(59, '43', '2017-06-30 23:06:26', 'B37', 1, 45000),
(60, '44', '2017-07-22 23:06:55', 'B33', 1, 105000),
(61, '44', '2017-07-22 23:06:55', 'B34', 1, 325000),
(62, '45', '2017-07-22 23:07:10', 'B39', 1, 45000),
(63, '46', '2017-07-28 23:07:35', 'B6', 1, 27000),
(64, '46', '2017-07-28 23:07:35', 'B9', 1, 80000),
(65, '47', '2017-07-28 23:07:52', 'B30', 1, 384000),
(66, '48', '2017-08-01 23:08:17', 'B35', 1, 280000),
(67, '48', '2017-08-01 23:08:17', 'B36', 1, 185000),
(68, '49', '2017-08-01 23:08:41', 'B21', 1, 99800),
(69, '49', '2017-08-01 23:08:41', 'B23', 1, 119900),
(70, '50', '2017-08-24 23:09:06', 'B22', 1, 126800),
(71, '51', '2017-08-24 23:09:19', 'B39', 1, 45000),
(72, '52', '2017-08-24 23:09:38', 'B41', 1, 19000),
(73, '53', '2017-08-27 23:10:12', 'B31', 1, 225000),
(74, '54', '2017-08-27 23:10:24', 'B11', 1, 30000),
(75, '1', '2017-08-28 12:32:04', 'B5', 1, 25000),
(76, '55', '2017-08-29 20:39:18', 'B19', 1, 36000),
(77, '2', '2017-08-29 20:55:36', 'B3', 1, 25000),
(78, '56', '2017-09-01 15:33:57', 'B1', 1, 27000),
(79, '3', '2017-09-03 21:02:37', 'B5', 1, 25000),
(80, '57', '2017-09-06 22:00:22', 'B12', 1, 90000),
(81, '58', '2017-09-06 22:04:00', 'B7', 1, 10000),
(82, '59', '2017-09-07 10:28:46', 'B11', 1, 30000),
(83, '60', '2017-09-07 20:40:04', 'B14', 1, 30000),
(84, '61', '2017-09-08 08:17:02', 'B23', 1, 119900),
(85, '62', '2017-09-08 21:37:50', 'B1', 2, 27000),
(86, '4', '2017-09-08 21:40:06', 'B13', 1, 34900),
(87, '63', '2017-09-08 22:39:00', 'B1', 2, 27000),
(88, '5', '2017-09-08 22:41:10', 'B12', 10, 87100),
(89, '64', '2017-09-09 21:03:52', 'B2', 2, 25000),
(90, '6', '2017-09-09 21:04:29', 'B2', 5, 23000),
(91, '1', '2016-01-10 10:09:44', 'B1', 3, 27000),
(92, '1', '2016-01-10 10:09:44', 'B20', 1, 148900),
(93, '2', '2016-01-10 10:11:47', 'B3', 3, 27000),
(94, '2', '2016-01-10 10:11:47', 'B30', 1, 384000),
(95, '3', '2016-01-10 10:12:31', 'B43', 12, 3000),
(96, '4', '2016-01-14 10:36:47', 'B32', 1, 205000),
(97, '4', '2016-01-14 10:36:47', 'B35', 1, 280000),
(98, '5', '2016-01-14 10:37:46', 'B8', 1, 45000),
(99, '5', '2016-01-14 10:37:46', 'B33', 1, 105000),
(100, '6', '2016-01-14 10:38:02', 'B23', 3, 119900),
(101, '7', '2016-01-23 10:39:52', 'B11', 1, 30000),
(102, '7', '2016-01-23 10:39:52', 'B15', 1, 86000),
(103, '8', '2016-01-23 10:49:00', 'B5', 3, 27000),
(104, '9', '2016-01-23 10:49:29', 'B19', 1, 36000),
(105, '9', '2016-01-23 10:49:29', 'B3', 1, 27000),
(106, '10', '2016-01-31 10:53:22', 'B13', 3, 37000),
(107, '11', '2016-01-31 10:53:47', 'B15', 1, 86000),
(108, '11', '2016-01-31 10:53:47', 'B16', 1, 35000),
(109, '12', '2016-01-31 10:54:17', 'B22', 3, 126800),
(110, '13', '2016-02-01 11:03:10', 'B6', 3, 27000),
(111, '13', '2016-02-01 11:03:10', 'B3', 1, 27000),
(112, '14', '2016-02-01 11:03:26', 'B6', 1, 27000),
(113, '14', '2016-02-01 11:03:26', 'B7', 1, 10000),
(114, '15', '2016-02-01 11:03:47', 'B9', 1, 80000),
(115, '15', '2016-02-01 11:03:47', 'B10', 1, 80000),
(116, '16', '2016-02-13 11:04:13', 'B6', 1, 27000),
(117, '17', '2016-02-13 11:04:41', 'B7', 1, 10000),
(118, '17', '2016-02-13 11:04:41', 'B20', 1, 148900),
(119, '18', '2016-02-13 11:04:55', 'B11', 1, 30000),
(120, '19', '2016-02-19 11:09:16', 'B9', 1, 80000),
(121, '20', '2016-02-19 11:09:48', 'B13', 2, 37000),
(122, '21', '2016-02-19 11:12:45', 'B11', 1, 30000),
(123, '22', '2016-02-19 11:15:23', 'B1', 1, 27000),
(124, '23', '2016-03-18 12:33:59', 'B4', 1, 27000),
(125, '23', '2016-03-18 12:33:59', 'B6', 3, 27000),
(126, '24', '2016-03-18 12:34:34', 'B14', 2, 30000),
(127, '25', '2016-03-18 12:34:52', 'B17', 1, 27000),
(128, '26', '2016-03-31 12:40:34', 'B20', 6, 148900),
(129, '27', '2016-03-31 12:40:46', 'B39', 1, 45000),
(130, '28', '2016-03-31 12:41:04', 'B30', 1, 384000),
(131, '29', '2016-04-01 12:41:36', 'B37', 3, 45000),
(132, '30', '2016-04-01 12:41:52', 'B40', 6, 19000),
(133, '31', '2016-04-01 12:42:16', 'B20', 1, 148900),
(134, '31', '2016-04-01 12:42:16', 'B21', 1, 99800),
(135, '32', '2016-04-06 12:49:04', 'B43', 12, 3000),
(136, '33', '2016-04-06 12:49:19', 'B9', 1, 80000),
(137, '34', '2016-04-06 12:49:39', 'B20', 3, 148900),
(138, '35', '2016-04-30 12:51:31', 'B35', 4, 280000),
(139, '36', '2016-04-30 12:51:41', 'B7', 1, 10000),
(140, '36', '2016-04-30 12:51:41', 'B5', 1, 27000),
(141, '37', '2016-04-30 12:51:54', 'B39', 1, 45000),
(142, '38', '2016-05-01 12:52:17', 'B35', 3, 280000),
(143, '39', '2016-05-01 12:52:25', 'B37', 1, 45000),
(144, '40', '2016-05-01 12:52:39', 'B29', 1, 420000),
(145, '41', '2016-05-21 12:55:03', 'B7', 1, 10000),
(146, '41', '2016-05-21 12:55:03', 'B1', 3, 27000),
(147, '42', '2016-05-21 12:55:27', 'B12', 3, 90000),
(148, '43', '2016-05-21 12:55:36', 'B37', 1, 45000),
(149, '44', '2016-06-10 12:56:15', 'B33', 1, 105000),
(150, '44', '2016-06-10 12:56:16', 'B34', 1, 325000),
(151, '45', '2016-06-10 12:56:37', 'B39', 1, 45000),
(152, '45', '2016-06-10 12:56:37', 'B38', 3, 45000),
(153, '46', '2016-06-10 12:56:56', 'B6', 1, 27000),
(154, '46', '2016-06-10 12:56:56', 'B9', 1, 80000),
(155, '47', '2016-06-24 13:01:44', 'B30', 1, 384000),
(156, '48', '2016-06-24 13:04:57', 'B35', 1, 280000),
(157, '48', '2016-06-24 13:04:57', 'B36', 1, 185000),
(158, '49', '2016-06-24 13:05:11', 'B21', 1, 99800),
(159, '49', '2016-06-24 13:05:12', 'B23', 1, 119900),
(160, '50', '2016-07-01 13:09:03', 'B22', 1, 126800),
(161, '51', '2016-07-01 13:10:28', 'B2', 1, 25000),
(162, '51', '2016-07-01 13:10:28', 'B3', 2, 27000),
(163, '52', '2016-07-01 13:10:54', 'B41', 6, 19000),
(164, '53', '2016-07-14 13:11:29', 'B31', 1, 225000),
(165, '54', '2016-07-14 13:11:41', 'B11', 1, 30000),
(166, '55', '2016-07-14 13:12:29', 'B19', 3, 36000),
(167, '56', '2016-08-14 13:14:01', 'B1', 1, 27000),
(168, '57', '2016-08-19 13:22:24', 'B12', 1, 90000),
(169, '58', '2016-08-19 13:22:43', 'B7', 1, 10000),
(170, '59', '2016-08-19 13:22:53', 'B11', 1, 30000),
(171, '60', '2016-08-19 18:05:10', 'B45', 6, 22800),
(172, '61', '2016-08-31 18:12:58', 'B23', 1, 119900),
(173, '62', '2016-08-31 18:13:06', 'B1', 2, 27000),
(174, '63', '2016-08-31 18:13:53', 'B45', 6, 22800),
(175, '64', '2016-09-02 18:17:23', 'B2', 2, 25000),
(176, '64', '2016-09-02 18:17:24', 'B1', 1, 27000),
(177, '64', '2016-09-02 18:17:24', 'B4', 1, 27000),
(178, '65', '2016-09-02 18:17:47', 'B5', 10, 27000),
(179, '65', '2016-09-02 18:17:47', 'B4', 1, 27000),
(180, '66', '2016-09-02 18:18:23', 'B30', 1, 384000),
(181, '66', '2016-09-02 18:18:23', 'B29', 1, 420000),
(182, '67', '2016-09-13 18:19:18', 'B11', 1, 30000),
(183, '67', '2016-09-13 18:19:18', 'B30', 1, 384000),
(184, '67', '2016-09-13 18:19:18', 'B35', 1, 280000),
(185, '68', '2016-09-13 18:19:43', 'B40', 11, 19000),
(186, '68', '2016-09-13 18:19:43', 'B2', 1, 25000),
(187, '69', '2016-09-13 18:22:32', 'B44', 6, 20000),
(188, '70', '2016-10-04 18:24:55', 'B3', 1, 27000),
(189, '70', '2016-10-04 18:24:55', 'B4', 1, 27000),
(190, '70', '2016-10-04 18:24:55', 'B5', 1, 27000),
(191, '70', '2016-10-04 18:24:56', 'B9', 1, 80000),
(192, '70', '2016-10-04 18:24:56', 'B40', 6, 19000),
(193, '71', '2016-10-04 18:25:24', 'B5', 1, 27000),
(194, '71', '2016-10-04 18:25:24', 'B23', 2, 119900),
(195, '71', '2016-10-04 18:25:24', 'B39', 1, 45000),
(196, '72', '2016-10-04 18:31:23', 'B30', 3, 384000),
(197, '73', '2016-10-21 18:38:45', 'B30', 1, 384000),
(198, '73', '2016-10-21 18:38:45', 'B40', 3, 19000),
(199, '74', '2016-10-21 18:39:16', 'B44', 1, 20000),
(200, '74', '2016-10-21 18:39:16', 'B45', 3, 22800),
(201, '74', '2016-10-21 18:39:16', 'B12', 1, 90000),
(202, '75', '2016-10-21 18:39:46', 'B20', 3, 148900),
(203, '75', '2016-10-21 18:39:46', 'B24', 2, 145000),
(204, '75', '2016-10-21 18:39:46', 'B31', 2, 225000),
(205, '76', '2016-10-21 18:40:10', 'B12', 1, 90000),
(206, '76', '2016-10-21 18:40:10', 'B13', 3, 37000),
(207, '77', '2016-11-03 18:41:03', 'B25', 1, 175000),
(208, '77', '2016-11-03 18:41:03', 'B26', 1, 145000),
(209, '77', '2016-11-03 18:41:03', 'B29', 1, 420000),
(210, '78', '2016-11-03 18:41:35', 'B25', 2, 175000),
(211, '78', '2016-11-03 18:41:35', 'B30', 1, 384000),
(212, '79', '2016-11-03 18:42:00', 'B38', 4, 45000),
(213, '79', '2016-11-03 18:42:01', 'B3', 1, 27000),
(214, '80', '2016-11-03 18:42:24', 'B20', 1, 148900),
(215, '80', '2016-11-03 18:42:24', 'B21', 1, 99800),
(216, '81', '2016-11-03 18:43:36', 'B40', 6, 19000),
(217, '81', '2016-11-03 18:43:36', 'B32', 1, 205000),
(218, '82', '2016-11-26 18:50:40', 'B20', 1, 148900),
(219, '82', '2016-11-26 18:50:41', 'B23', 1, 119900),
(220, '82', '2016-11-26 18:50:41', 'B30', 1, 384000),
(221, '83', '2016-11-26 18:51:19', 'B40', 1, 19000),
(222, '83', '2016-11-26 18:51:19', 'B31', 3, 225000),
(223, '84', '2016-12-23 18:51:55', 'B40', 1, 19000),
(224, '84', '2016-12-23 18:51:55', 'B41', 3, 19000),
(225, '85', '2016-12-23 18:52:37', 'B21', 1, 99800),
(226, '85', '2016-12-23 18:52:37', 'B24', 1, 145000),
(227, '85', '2016-12-23 18:52:37', 'B1', 3, 27000),
(228, '86', '2016-12-23 18:53:10', 'B29', 1, 420000),
(229, '86', '2016-12-23 18:53:11', 'B27', 1, 95000),
(230, '87', '2016-12-29 18:58:36', 'B10', 1, 80000),
(231, '87', '2016-12-29 18:58:36', 'B11', 1, 30000),
(232, '87', '2016-12-29 18:58:36', 'B15', 1, 86000),
(233, '87', '2016-12-29 18:58:36', 'B29', 1, 420000),
(234, '88', '2016-12-29 19:00:10', 'B5', 2, 27000),
(235, '88', '2016-12-29 19:00:10', 'B29', 1, 420000),
(236, '89', '2017-01-06 19:03:11', 'B34', 6, 325000),
(237, '90', '2017-01-06 19:03:28', 'B20', 1, 148900),
(238, '90', '2017-01-06 19:03:28', 'B4', 1, 27000),
(239, '91', '2017-01-06 19:03:54', 'B28', 1, 25000),
(240, '91', '2017-01-06 19:03:54', 'B32', 11, 205000),
(241, '92', '2017-01-26 19:05:43', 'B4', 1, 27000),
(242, '92', '2017-01-26 19:05:43', 'B5', 1, 27000),
(243, '93', '2017-01-26 19:05:54', 'B30', 1, 384000),
(244, '94', '2017-02-01 19:08:25', 'B40', 12, 19000),
(245, '95', '2017-02-01 19:08:45', 'B4', 1, 27000),
(246, '96', '2017-02-24 19:11:17', 'B30', 1, 384000),
(247, '96', '2017-02-24 19:11:17', 'B13', 1, 37000),
(248, '97', '2017-02-24 19:11:42', 'B7', 4, 10000),
(249, '98', '2017-02-24 19:11:58', 'B13', 1, 37000),
(250, '98', '2017-02-24 19:11:58', 'B17', 1, 27000),
(251, '99', '2017-03-10 19:15:05', 'B27', 1, 95000),
(252, '99', '2017-03-10 19:15:05', 'B3', 1, 27000),
(253, '100', '2017-03-10 19:15:34', 'B10', 1, 80000),
(254, '100', '2017-03-10 19:15:34', 'B13', 1, 37000),
(255, '101', '2017-03-10 19:15:53', 'B20', 1, 148900),
(256, '102', '2017-03-23 19:17:54', 'B3', 1, 27000),
(257, '102', '2017-03-23 19:17:55', 'B7', 1, 10000),
(258, '103', '2017-03-23 19:18:13', 'B23', 1, 119900),
(259, '103', '2017-03-23 19:18:13', 'B4', 1, 27000),
(260, '104', '2017-03-23 19:18:33', 'B15', 1, 86000),
(261, '104', '2017-03-23 19:18:33', 'B19', 1, 36000),
(262, '105', '2017-04-07 19:21:29', 'B3', 1, 27000),
(263, '105', '2017-04-07 19:21:29', 'B20', 1, 148900),
(264, '106', '2017-04-07 19:22:03', 'B37', 15, 45000),
(265, '107', '2017-04-07 19:22:20', 'B5', 3, 27000),
(266, '108', '2017-04-07 19:22:51', 'B19', 1, 36000),
(267, '108', '2017-04-07 19:22:51', 'B20', 1, 148900),
(268, '109', '2017-04-26 19:25:56', 'B20', 3, 148900),
(269, '109', '2017-04-26 19:25:56', 'B21', 1, 99800),
(270, '109', '2017-04-26 19:25:56', 'B23', 3, 119900),
(271, '110', '2017-04-26 19:26:17', 'B30', 1, 384000),
(272, '110', '2017-04-26 19:26:18', 'B28', 3, 25000),
(273, '111', '2017-04-26 19:26:35', 'B16', 3, 35000),
(274, '112', '2017-05-03 19:27:08', 'B14', 1, 30000),
(275, '112', '2017-05-03 19:27:08', 'B13', 3, 37000),
(276, '113', '2017-05-03 19:27:30', 'B3', 3, 27000),
(277, '113', '2017-05-03 19:27:30', 'B4', 3, 27000),
(278, '114', '2017-05-03 19:27:54', 'B19', 1, 36000),
(279, '114', '2017-05-03 19:27:54', 'B3', 4, 27000),
(280, '115', '2017-05-18 19:36:14', 'B18', 1, 205000),
(281, '115', '2017-05-18 19:36:14', 'B15', 1, 86000),
(282, '115', '2017-05-18 19:36:14', 'B2', 1, 25000),
(283, '116', '2017-05-18 19:36:44', 'B20', 1, 148900),
(284, '116', '2017-05-18 19:36:44', 'B23', 1, 119900),
(285, '116', '2017-05-18 19:36:44', 'B26', 1, 145000),
(286, '117', '2017-05-18 19:37:09', 'B27', 1, 95000),
(287, '117', '2017-05-18 19:37:09', 'B20', 1, 148900),
(288, '118', '2017-06-01 19:42:46', 'B17', 6, 27000),
(289, '118', '2017-06-01 19:42:46', 'B43', 6, 3000),
(290, '118', '2017-06-01 19:42:46', 'B35', 6, 280000),
(291, '119', '2017-06-01 19:43:35', 'B34', 6, 325000),
(292, '119', '2017-06-01 19:43:35', 'B35', 6, 280000),
(293, '120', '2017-06-01 19:44:05', 'B5', 1, 27000),
(294, '120', '2017-06-01 19:44:05', 'B8', 1, 45000),
(295, '121', '2017-07-04 20:45:30', 'B11', 1, 30000),
(296, '121', '2017-07-04 20:45:30', 'B19', 1, 36000),
(297, '121', '2017-07-04 20:45:30', 'B20', 1, 148900),
(298, '122', '2017-07-04 20:46:05', 'B31', 3, 225000),
(299, '122', '2017-07-04 20:46:05', 'B34', 3, 325000),
(300, '123', '2017-07-21 20:46:51', 'B33', 3, 105000),
(301, '123', '2017-07-21 20:46:51', 'B34', 3, 325000),
(302, '124', '2017-07-21 20:47:42', 'B43', 15, 3000),
(303, '124', '2017-07-21 20:47:42', 'B35', 2, 280000),
(304, '125', '2017-08-03 20:48:22', 'B23', 4, 119900),
(305, '126', '2017-08-03 20:49:06', 'B32', 5, 205000),
(306, '127', '2017-08-03 20:49:29', 'B4', 1, 27000),
(307, '127', '2017-08-03 20:49:29', 'B10', 1, 80000),
(308, '127', '2017-08-03 20:49:29', 'B16', 1, 35000),
(309, '128', '2017-09-02 20:53:03', 'B36', 4, 185000),
(310, '128', '2017-09-02 20:53:03', 'B40', 12, 19000),
(311, '129', '2017-09-02 20:53:33', 'B41', 6, 19000),
(312, '129', '2017-09-02 20:53:33', 'B30', 1, 384000),
(313, '130', '2017-09-05 20:54:03', 'B20', 1, 148900),
(314, '130', '2017-09-05 20:54:04', 'B3', 1, 27000),
(315, '130', '2017-09-05 20:54:04', 'B24', 1, 145000),
(316, '131', '2017-09-05 20:54:24', 'B31', 6, 225000),
(317, '132', '2017-09-05 20:58:34', 'B4', 1, 27000),
(318, '132', '2017-09-05 20:58:34', 'B6', 1, 27000),
(319, '7', '2017-09-11 17:04:56', 'B32', 1, 182826),
(320, '8', '2017-09-11 17:05:21', 'B20', 1, 138100),
(321, '133', '2017-09-11 21:10:39', 'B1', 1, 27000),
(322, '9', '2017-09-11 22:16:41', 'B1', 1, 24000),
(323, '134', '2017-09-11 22:32:24', 'B1', 10, 27000),
(324, '10', '2017-09-11 22:34:03', 'B1', 1, 24000),
(325, '11', '2017-09-11 22:35:00', 'B1', 1, 24000),
(326, '135', '2017-09-11 22:36:08', 'B2', 3, 25000),
(327, '136', '2017-09-11 22:48:07', 'B3', 3, 27000),
(328, '12', '2017-09-11 22:50:28', 'B34', 1, 317230),
(329, '137', '2017-09-12 07:31:33', 'B4', 2, 27000),
(330, '138', '2017-09-12 07:32:19', 'B1', 1, 27000),
(331, '13', '2017-09-12 07:38:22', 'B1', 1, 24000),
(332, '139', '2017-09-12 10:30:14', 'B1', 2, 27000),
(333, '140', '2017-09-12 10:30:45', 'B1', 1, 27000),
(334, '14', '2017-09-12 10:33:20', 'B1', 3, 24000),
(335, '141', '2017-09-13 08:53:11', 'B2', 3, 25000),
(336, '15', '2017-09-13 08:58:33', 'B2', 1, 23000),
(337, '142', '2017-09-13 21:01:45', 'B3', 1, 27000),
(338, '143', '2017-09-13 21:17:31', 'B1', 1, 27000),
(339, '144', '2017-09-13 22:55:39', 'B1', 10, 27000),
(340, '16', '2017-09-13 22:56:56', 'B6', 1, 25000),
(341, '17', '2017-09-13 23:07:26', 'B1', 5, 24000),
(342, '18', '2017-09-13 23:08:39', 'B2', 2, 23000),
(343, '145', '2017-09-13 23:09:21', 'B1', 10, 27000);

-- --------------------------------------------------------

--
-- Struktur dari tabel `tb_barang`
--

CREATE TABLE `tb_barang` (
  `kode_brg` varchar(15) NOT NULL,
  `id_kategori` int(10) NOT NULL,
  `nama_brg` varchar(30) NOT NULL,
  `stok` int(15) NOT NULL,
  `harga` int(15) NOT NULL,
  `harga_beli` int(11) NOT NULL,
  `satuan` varchar(15) NOT NULL
) ENGINE=InnoDB DEFAULT CHARSET=latin1;

--
-- Dumping data untuk tabel `tb_barang`
--

INSERT INTO `tb_barang` (`kode_brg`, `id_kategori`, `nama_brg`, `stok`, `harga`, `harga_beli`, `satuan`) VALUES
('B1', 1, 'Gel Pen 0,5 mm', 8, 27000, 24000, 'Lusin'),
('B10', 1, 'Snowman Permanent', 18, 80000, 76800, 'Lusin'),
('B11', 1, 'Penghapus BIG 4B', 11, 30000, 27800, 'Lusin'),
('B12', 1, 'Staedler Penghapus', 21, 90000, 87100, 'Lusin'),
('B13', 1, 'Double Folio', 10, 37000, 34900, 'Pak'),
('B14', 1, 'Cadwell Penggaris', 13, 30000, 28100, 'Pak'),
('B15', 1, 'Buku Folio Okey isi 100', 14, 86000, 84200, 'Pak'),
('B16', 1, 'Buku Tulis Sidu isi 58', 9, 35000, 33800, 'Pak'),
('B17', 1, 'Buku Tulis Big Boss isi 42', 19, 27000, 25700, 'Pak'),
('B18', 1, 'Tinta Refil Snowman', 20, 205000, 200400, 'Pak'),
('B19', 1, 'Lem Joyko 35 ml', 14, 36000, 34800, 'Pak'),
('B2', 1, 'Pilot', 14, 25000, 23000, 'Lusin'),
('B20', 5, 'New Era', 5, 148900, 138100, 'Pasang'),
('B21', 5, 'Ardiles', 11, 99800, 87100, 'Pasang'),
('B22', 5, 'Speed', 21, 126800, 115900, 'Pasang'),
('B23', 5, 'Ando', 26, 119900, 106800, 'Pasang'),
('B24', 6, 'Nalini', 15, 145000, 134900, 'Pasang'),
('B25', 6, 'Mamiji', 12, 175000, 168700, 'Pasang'),
('B26', 6, 'Purple', 13, 145000, 134800, 'Pasang'),
('B27', 4, 'Panci Jawa 30 cm', 6, 95000, 85500, 'Pcs'),
('B28', 4, 'Tempat Sampah Plastik Besar', 5, 25000, 23600, 'Pcs'),
('B29', 4, 'Kemoceng Warna', 20, 420000, 413900, 'Lusin'),
('B3', 1, 'Faster F3', 9, 27000, 25000, 'Lusin'),
('B30', 4, 'Bantal Kapuk', 11, 384000, 376900, 'Lusin'),
('B31', 2, 'Lays Rumput Laut 35 gr', 27, 225000, 218900, 'Dus'),
('B32', 2, 'Chitato Ayam Barbeque 35 gr', 22, 205000, 182826, 'Dus'),
('B33', 2, 'Twisko Premium 30 gr', 42, 105000, 86195, 'Dus'),
('B34', 2, 'Selamat Sandwich Wafer', 28, 325000, 317230, 'Dus'),
('B35', 2, 'Tanggo Coklat 176 gr', 38, 280000, 265226, 'Dus'),
('B36', 2, 'Goodtime Bownies Chocochips 80', 25, 185000, 179100, 'Dus'),
('B37', 3, 'Aqua Besar 1500 ml', 21, 45000, 42500, 'Dus'),
('B38', 3, 'Le Mineral 600 ml', 20, 45000, 42500, 'Dus'),
('B39', 3, 'Crystalline', 17, 45000, 42500, 'Dus'),
('B4', 1, 'Tizo Gel Ink Pen', 7, 27000, 25000, 'Lusin'),
('B40', 3, 'Teh Gelas', 13, 19000, 17500, 'Dus'),
('B41', 3, 'Ale - Ale', 10, 19000, 17500, 'Dus'),
('B42', 3, 'Coca Cola Mini', 20, 42000, 36700, 'Dus'),
('B43', 2, 'Roti Manis Aneka Rasa', 37, 3000, 2500, 'Pcs'),
('B44', 3, 'Poca Plus Original', 24, 20000, 16746, 'Bal'),
('B45', 3, 'Kopi Dua Luwak', 21, 22800, 19000, 'Dus'),
('B5', 1, 'Staedler 2B', 8, 27000, 25000, 'Lusin'),
('B6', 1, 'FaberCastell 2B', 11, 27000, 25000, 'Lusin'),
('B7', 1, 'M2000', 16, 10000, 8000, 'Lusin'),
('B8', 1, 'Tizo Mechanical Pencil', 10, 45000, 42000, 'Lusin'),
('B9', 1, 'Snowman Board Marker ', 17, 80000, 76800, 'Lusin');

-- --------------------------------------------------------

--
-- Struktur dari tabel `tb_detail_pembelian`
--

CREATE TABLE `tb_detail_pembelian` (
  `id_detail_pem` int(11) NOT NULL,
  `id_pembelian` varchar(20) NOT NULL,
  `kode_brg` varchar(20) NOT NULL,
  `jumlah` int(15) NOT NULL,
  `harga` int(15) NOT NULL,
  `total` int(15) NOT NULL
) ENGINE=InnoDB DEFAULT CHARSET=latin1;

--
-- Dumping data untuk tabel `tb_detail_pembelian`
--

INSERT INTO `tb_detail_pembelian` (`id_detail_pem`, `id_pembelian`, `kode_brg`, `jumlah`, `harga`, `total`) VALUES
(6, '4', 'B41', 6, 17500, 105000),
(7, '5', 'B36', 3, 179100, 537300),
(10, '7', 'B7', 6, 8000, 48000),
(11, '7', 'B10', 6, 76800, 460800),
(12, '8', 'B19', 6, 34800, 208800),
(13, '8', 'B18', 6, 200400, 1202400),
(18, '12', 'B7', 9, 8000, 72000),
(19, '12', 'B3', 3, 25000, 75000),
(24, '16', 'B31', 6, 218900, 1313400),
(25, '17', 'B33', 12, 86195, 1034340),
(27, '19', 'B17', 12, 25700, 308400),
(30, '22', 'B20', 6, 138100, 828600),
(32, '24', 'B22', 6, 115900, 695400),
(33, '25', 'B34', 6, 317230, 1903380),
(34, '26', 'B5', 6, 25000, 150000),
(37, '29', 'B1', 1, 24000, 24000),
(41, '1', 'B35', 6, 265226, 1591356),
(42, '1', 'B36', 1, 179100, 179100),
(43, '2', 'B37', 6, 42500, 255000),
(44, '3', 'B21', 6, 87100, 522600),
(46, '6', 'B8', 12, 42000, 504000),
(47, '6', 'B4', 12, 25000, 300000),
(48, '9', 'B34', 3, 317230, 951690),
(49, '10', 'B23', 6, 106800, 640800),
(50, '11', 'B43', 20, 2500, 50000),
(51, '12', 'B6', 6, 25000, 150000),
(52, '13', 'B22', 6, 115900, 695400),
(53, '14', 'B39', 6, 42500, 255000),
(54, '14', 'B38', 6, 42500, 255000),
(55, '15', 'B42', 6, 36700, 220200),
(56, '18', 'B24', 6, 134900, 809400),
(57, '19', 'B11', 1, 27800, 27800),
(58, '20', 'B6', 6, 25000, 150000),
(59, '20', 'B11', 12, 27800, 333600),
(60, '21', 'B35', 3, 265226, 795678),
(61, '21', 'B34', 3, 317230, 951690),
(62, '23', 'B44', 6, 16746, 100476),
(63, '26', 'B12', 12, 87100, 1045200),
(64, '26', 'B14', 6, 28100, 168600),
(65, '27', 'B36', 6, 179100, 1074600),
(66, '28', 'B34', 6, 317230, 1903380),
(67, '29', 'B2', 5, 23000, 115000),
(68, '29', 'B12', 9, 87100, 783900),
(69, '29', 'B14', 6, 28100, 168600),
(70, '30', 'B6', 6, 25000, 150000),
(71, '30', 'B15', 6, 84200, 505200),
(72, '31', 'B43', 12, 2500, 30000),
(73, '32', 'B40', 6, 17500, 105000),
(74, '33', 'B31', 6, 218900, 1313400),
(75, '34', 'B35', 1, 265226, 265226),
(76, '35', 'B45', 3, 19000, 57000),
(77, '36', 'B31', 3, 218900, 656700),
(78, '37', 'B34', 3, 317230, 951690),
(79, '38', 'B32', 3, 182826, 548478),
(80, '39', 'B40', 12, 17500, 210000),
(81, '40', 'B20', 6, 138100, 828600),
(82, '40', 'B24', 6, 134900, 809400),
(83, '41', 'B37', 6, 42500, 255000),
(84, '42', 'B45', 6, 19000, 114000),
(85, '43', 'B35', 6, 265226, 1591356),
(86, '44', 'B1', 6, 24000, 144000),
(87, '45', 'B30', 6, 376900, 2261400),
(88, '46', 'B31', 3, 218900, 656700),
(89, '47', 'B23', 3, 106800, 320400),
(90, '48', 'B20', 6, 138100, 828600),
(91, '48', 'B23', 6, 106800, 640800),
(92, '49', 'B32', 6, 182826, 1096956),
(93, '49', 'B33', 5, 86195, 430975),
(94, '50', 'B45', 6, 19000, 114000),
(95, '51', 'B33', 6, 86195, 517170),
(96, '52', 'B1', 3, 24000, 72000),
(97, '52', 'B3', 3, 25000, 75000),
(98, '52', 'B5', 3, 25000, 75000),
(99, '53', 'B31', 3, 218900, 656700),
(100, '53', 'B32', 3, 182826, 548478),
(101, '54', 'B39', 12, 42500, 510000),
(102, '55', 'B35', 6, 265226, 1591356),
(103, '56', 'B36', 6, 179100, 1074600),
(104, '57', 'B40', 12, 17500, 210000),
(105, '58', 'B2', 6, 23000, 138000),
(106, '59', 'B40', 12, 17500, 210000),
(107, '60', 'B35', 6, 265226, 1591356),
(108, '61', 'B22', 6, 115900, 695400),
(109, '61', 'B23', 6, 106800, 640800),
(110, '62', 'B33', 4, 86195, 344780),
(111, '63', 'B36', 3, 179100, 537300),
(112, '64', 'B23', 3, 106800, 320400),
(113, '64', 'B24', 3, 134900, 404700),
(115, '65', 'B41', 6, 17500, 105000),
(116, '65', 'B45', 6, 19000, 114000),
(117, '66', 'B10', 6, 76800, 460800),
(118, '66', 'B13', 6, 34900, 209400),
(119, '67', 'B40', 9, 17500, 157500),
(120, '68', 'B37', 25, 42500, 1062500),
(121, '69', 'B34', 6, 317230, 1903380),
(122, '69', 'B35', 6, 265226, 1591356),
(123, '70', 'B23', 6, 106800, 640800),
(124, '71', 'B29', 6, 413900, 2483400),
(125, '71', 'B30', 6, 376900, 2261400),
(126, '72', 'B34', 6, 317230, 1903380),
(127, '73', 'B21', 6, 87100, 522600),
(128, '74', 'B38', 6, 42500, 255000),
(129, '75', 'B3', 6, 25000, 150000),
(130, '75', 'B4', 6, 25000, 150000),
(131, '76', 'B35', 6, 265226, 1591356),
(132, '77', 'B5', 6, 25000, 150000),
(133, '78', 'B35', 6, 265226, 1591356),
(134, '79', 'B44', 6, 16746, 100476),
(135, '80', 'B23', 6, 106800, 640800),
(136, '81', 'B19', 3, 34800, 104400),
(137, '81', 'B11', 3, 27800, 83400),
(138, '82', 'B29', 6, 413900, 2483400),
(139, '82', 'B30', 6, 376900, 2261400),
(140, '83', 'B19', 6, 34800, 208800),
(141, '83', 'B17', 1, 25700, 25700),
(142, '83', 'B16', 3, 33800, 101400),
(143, '84', 'B44', 3, 16746, 50238),
(144, '84', 'B45', 3, 19000, 57000),
(145, '85', 'B44', 6, 16746, 100476),
(146, '86', 'B29', 6, 413900, 2483400),
(148, '87', 'B31', 1, 218900, 218900),
(149, '87', 'B32', 3, 182826, 548478),
(150, '88', 'B1', 6, 24000, 144000),
(151, '88', 'B12', 6, 87100, 522600),
(152, '88', 'B3', 6, 25000, 150000),
(153, '88', 'B5', 6, 25000, 150000),
(154, '89', 'B42', 6, 36700, 220200),
(155, '90', 'B31', 6, 218900, 1313400),
(156, '91', 'B13', 6, 34900, 209400),
(157, '91', 'B15', 6, 84200, 505200),
(158, '92', 'B43', 20, 2500, 50000),
(159, '93', 'B38', 6, 42500, 255000),
(160, '94', 'B1', 3, 24000, 72000),
(161, '94', 'B4', 4, 25000, 100000),
(162, '95', 'B40', 6, 17500, 105000),
(163, '96', 'B20', 6, 138100, 828600),
(164, '97', 'B32', 3, 182826, 548478),
(165, '97', 'B33', 3, 86195, 258585),
(166, '98', 'B1', 1, 24000, 24000),
(167, '99', 'B1', 2, 24000, 48000),
(168, '100', 'B34', 1, 317230, 317230),
(169, '101', 'B1', 3, 24000, 72000),
(170, '102', 'B1', 10, 24000, 240000),
(171, '103', 'B2', 5, 23000, 115000),
(173, '104', 'B35', 1, 265226, 265226),
(174, '105', 'B6', 3, 25000, 75000),
(175, '106', 'B1', 10, 24000, 240000),
(176, '107', 'B2', 5, 23000, 115000);

-- --------------------------------------------------------

--
-- Struktur dari tabel `tb_detail_penjualan`
--

CREATE TABLE `tb_detail_penjualan` (
  `id_detail_pen` int(15) NOT NULL,
  `id_penjualan` varchar(20) DEFAULT NULL,
  `kode_brg` varchar(20) DEFAULT NULL,
  `harga` int(15) DEFAULT NULL,
  `jumlah` int(15) DEFAULT NULL,
  `subtotal` int(15) DEFAULT NULL
) ENGINE=InnoDB DEFAULT CHARSET=latin1;

--
-- Dumping data untuk tabel `tb_detail_penjualan`
--

INSERT INTO `tb_detail_penjualan` (`id_detail_pen`, `id_penjualan`, `kode_brg`, `harga`, `jumlah`, `subtotal`) VALUES
(3, '2', 'B3', 27000, 3, 81000),
(5, '4', 'B32', 205000, 1, 205000),
(6, '4', 'B35', 280000, 1, 280000),
(7, '5', 'B8', 45000, 1, 45000),
(8, '5', 'B33', 105000, 1, 105000),
(9, '6', 'B23', 119900, 3, 359700),
(10, '7', 'B11', 30000, 1, 30000),
(11, '7', 'B15', 86000, 1, 86000),
(14, '9', 'B19', 36000, 1, 36000),
(17, '11', 'B15', 86000, 1, 86000),
(18, '11', 'B16', 35000, 1, 35000),
(19, '12', 'B22', 126800, 3, 380400),
(20, '13', 'B6', 27000, 3, 81000),
(21, '13', 'B3', 27000, 1, 27000),
(22, '14', 'B6', 27000, 1, 27000),
(23, '14', 'B7', 10000, 1, 10000),
(24, '15', 'B9', 80000, 1, 80000),
(25, '15', 'B10', 80000, 1, 80000),
(26, '16', 'B6', 27000, 1, 27000),
(27, '17', 'B7', 10000, 1, 10000),
(28, '18', 'B11', 30000, 1, 30000),
(29, '19', 'B9', 80000, 1, 80000),
(31, '21', 'B11', 30000, 1, 30000),
(34, '24', 'B14', 30000, 2, 60000),
(35, '25', 'B17', 27000, 1, 27000),
(36, '26', 'B20', 148900, 6, 893400),
(37, '27', 'B39', 45000, 1, 45000),
(38, '28', 'B30', 384000, 1, 384000),
(39, '29', 'B37', 45000, 3, 135000),
(40, '30', 'B40', 19000, 6, 114000),
(41, '31', 'B20', 148900, 1, 148900),
(42, '31', 'B21', 99800, 1, 99800),
(45, '33', 'B9', 80000, 1, 80000),
(47, '35', 'B35', 280000, 4, 1120000),
(48, '36', 'B7', 10000, 1, 10000),
(49, '36', 'B5', 27000, 1, 27000),
(50, '37', 'B39', 45000, 1, 45000),
(51, '38', 'B35', 280000, 3, 840000),
(52, '39', 'B37', 45000, 1, 45000),
(53, '40', 'B29', 420000, 1, 420000),
(54, '41', 'B7', 10000, 1, 10000),
(55, '42', 'B12', 90000, 3, 270000),
(56, '43', 'B37', 45000, 1, 45000),
(57, '44', 'B33', 105000, 1, 105000),
(58, '44', 'B34', 325000, 1, 325000),
(59, '45', 'B39', 45000, 1, 45000),
(60, '46', 'B6', 27000, 1, 27000),
(61, '46', 'B9', 80000, 1, 80000),
(62, '47', 'B30', 384000, 1, 384000),
(63, '48', 'B35', 280000, 1, 280000),
(64, '48', 'B36', 185000, 1, 185000),
(65, '49', 'B21', 99800, 1, 99800),
(66, '49', 'B23', 119900, 1, 119900),
(67, '50', 'B22', 126800, 1, 126800),
(69, '52', 'B41', 19000, 6, 114000),
(70, '53', 'B31', 225000, 1, 225000),
(71, '54', 'B11', 30000, 1, 30000),
(74, '56', 'B1', 27000, 1, 27000),
(75, '57', 'B12', 90000, 1, 90000),
(76, '58', 'B7', 10000, 1, 10000),
(77, '59', 'B11', 30000, 1, 30000),
(79, '61', 'B23', 119900, 1, 119900),
(81, '62', 'B1', 27000, 2, 54000),
(85, '64', 'B2', 25000, 2, 50000),
(86, '1', 'B1', 27000, 3, 81000),
(87, '1', 'B20', 148900, 1, 148900),
(88, '2', 'B30', 384000, 1, 384000),
(89, '3', 'B43', 3000, 12, 36000),
(90, '8', 'B5', 27000, 3, 81000),
(91, '9', 'B3', 27000, 1, 27000),
(92, '10', 'B13', 37000, 3, 111000),
(93, '17', 'B20', 148900, 1, 148900),
(94, '20', 'B13', 37000, 2, 74000),
(95, '22', 'B1', 27000, 1, 27000),
(96, '23', 'B4', 27000, 1, 27000),
(97, '23', 'B6', 27000, 3, 81000),
(98, '32', 'B43', 3000, 12, 36000),
(99, '34', 'B20', 148900, 3, 446700),
(100, '41', 'B1', 27000, 3, 81000),
(101, '45', 'B38', 45000, 3, 135000),
(102, '51', 'B2', 25000, 1, 25000),
(103, '51', 'B3', 27000, 2, 54000),
(104, '55', 'B19', 36000, 3, 108000),
(105, '60', 'B45', 22800, 6, 136800),
(106, '63', 'B45', 22800, 6, 136800),
(107, '64', 'B1', 27000, 1, 27000),
(108, '64', 'B4', 27000, 1, 27000),
(109, '65', 'B5', 27000, 10, 270000),
(110, '65', 'B4', 27000, 1, 27000),
(111, '66', 'B30', 384000, 1, 384000),
(112, '66', 'B29', 420000, 1, 420000),
(113, '67', 'B11', 30000, 1, 30000),
(114, '67', 'B30', 384000, 1, 384000),
(115, '67', 'B35', 280000, 1, 280000),
(116, '68', 'B40', 19000, 11, 209000),
(117, '68', 'B2', 25000, 1, 25000),
(118, '69', 'B44', 20000, 6, 120000),
(119, '70', 'B3', 27000, 1, 27000),
(120, '70', 'B4', 27000, 1, 27000),
(121, '70', 'B5', 27000, 1, 27000),
(122, '70', 'B9', 80000, 1, 80000),
(123, '70', 'B40', 19000, 6, 114000),
(124, '71', 'B5', 27000, 1, 27000),
(125, '71', 'B23', 119900, 2, 239800),
(126, '71', 'B39', 45000, 1, 45000),
(127, '72', 'B30', 384000, 3, 1152000),
(128, '73', 'B30', 384000, 1, 384000),
(129, '73', 'B40', 19000, 3, 57000),
(130, '74', 'B44', 20000, 1, 20000),
(131, '74', 'B45', 22800, 3, 68400),
(132, '74', 'B12', 90000, 1, 90000),
(133, '75', 'B20', 148900, 3, 446700),
(134, '75', 'B24', 145000, 2, 290000),
(135, '75', 'B31', 225000, 2, 450000),
(136, '76', 'B12', 90000, 1, 90000),
(137, '76', 'B13', 37000, 3, 111000),
(138, '77', 'B25', 175000, 1, 175000),
(139, '77', 'B26', 145000, 1, 145000),
(140, '77', 'B29', 420000, 1, 420000),
(141, '78', 'B25', 175000, 2, 350000),
(142, '78', 'B30', 384000, 1, 384000),
(143, '79', 'B38', 45000, 4, 180000),
(144, '79', 'B3', 27000, 1, 27000),
(145, '80', 'B20', 148900, 1, 148900),
(146, '80', 'B21', 99800, 1, 99800),
(147, '81', 'B40', 19000, 6, 114000),
(148, '81', 'B32', 205000, 1, 205000),
(149, '82', 'B20', 148900, 1, 148900),
(150, '82', 'B23', 119900, 1, 119900),
(151, '82', 'B30', 384000, 1, 384000),
(152, '83', 'B40', 19000, 1, 19000),
(153, '83', 'B31', 225000, 3, 675000),
(154, '84', 'B40', 19000, 1, 19000),
(155, '84', 'B41', 19000, 3, 57000),
(156, '85', 'B21', 99800, 1, 99800),
(157, '85', 'B24', 145000, 1, 145000),
(158, '85', 'B1', 27000, 3, 81000),
(159, '86', 'B29', 420000, 1, 420000),
(160, '86', 'B27', 95000, 1, 95000),
(161, '87', 'B10', 80000, 1, 80000),
(162, '87', 'B11', 30000, 1, 30000),
(163, '87', 'B15', 86000, 1, 86000),
(164, '87', 'B29', 420000, 1, 420000),
(165, '88', 'B5', 27000, 2, 54000),
(166, '88', 'B29', 420000, 1, 420000),
(167, '89', 'B34', 325000, 6, 1950000),
(168, '90', 'B20', 148900, 1, 148900),
(169, '90', 'B4', 27000, 1, 27000),
(170, '91', 'B28', 25000, 1, 25000),
(171, '91', 'B32', 205000, 11, 2255000),
(172, '92', 'B4', 27000, 1, 27000),
(173, '92', 'B5', 27000, 1, 27000),
(174, '93', 'B30', 384000, 1, 384000),
(175, '94', 'B40', 19000, 12, 228000),
(176, '95', 'B4', 27000, 1, 27000),
(177, '96', 'B30', 384000, 1, 384000),
(178, '96', 'B13', 37000, 1, 37000),
(179, '97', 'B7', 10000, 4, 40000),
(180, '98', 'B13', 37000, 1, 37000),
(181, '98', 'B17', 27000, 1, 27000),
(182, '99', 'B27', 95000, 1, 95000),
(183, '99', 'B3', 27000, 1, 27000),
(184, '100', 'B10', 80000, 1, 80000),
(185, '100', 'B13', 37000, 1, 37000),
(186, '101', 'B20', 148900, 1, 148900),
(187, '102', 'B3', 27000, 1, 27000),
(188, '102', 'B7', 10000, 1, 10000),
(189, '103', 'B23', 119900, 1, 119900),
(190, '103', 'B4', 27000, 1, 27000),
(191, '104', 'B15', 86000, 1, 86000),
(192, '104', 'B19', 36000, 1, 36000),
(193, '105', 'B3', 27000, 1, 27000),
(194, '105', 'B20', 148900, 1, 148900),
(195, '106', 'B37', 45000, 15, 675000),
(196, '107', 'B5', 27000, 3, 81000),
(197, '108', 'B19', 36000, 1, 36000),
(198, '108', 'B20', 148900, 1, 148900),
(199, '109', 'B20', 148900, 3, 446700),
(200, '109', 'B21', 99800, 1, 99800),
(201, '109', 'B23', 119900, 3, 359700),
(202, '110', 'B30', 384000, 1, 384000),
(203, '110', 'B28', 25000, 3, 75000),
(204, '111', 'B16', 35000, 3, 105000),
(205, '112', 'B14', 30000, 1, 30000),
(206, '112', 'B13', 37000, 3, 111000),
(207, '113', 'B3', 27000, 3, 81000),
(208, '113', 'B4', 27000, 3, 81000),
(209, '114', 'B19', 36000, 1, 36000),
(210, '114', 'B3', 27000, 4, 108000),
(211, '115', 'B18', 205000, 1, 205000),
(212, '115', 'B15', 86000, 1, 86000),
(213, '115', 'B2', 25000, 1, 25000),
(214, '116', 'B20', 148900, 1, 148900),
(215, '116', 'B23', 119900, 1, 119900),
(216, '116', 'B26', 145000, 1, 145000),
(217, '117', 'B27', 95000, 1, 95000),
(218, '117', 'B20', 148900, 1, 148900),
(219, '118', 'B17', 27000, 6, 162000),
(220, '118', 'B43', 3000, 6, 18000),
(221, '118', 'B35', 280000, 6, 1680000),
(222, '119', 'B34', 325000, 6, 1950000),
(223, '119', 'B35', 280000, 6, 1680000),
(224, '120', 'B5', 27000, 1, 27000),
(225, '120', 'B8', 45000, 1, 45000),
(226, '121', 'B11', 30000, 1, 30000),
(227, '121', 'B19', 36000, 1, 36000),
(228, '121', 'B20', 148900, 1, 148900),
(229, '122', 'B31', 225000, 3, 675000),
(230, '122', 'B34', 325000, 3, 975000),
(231, '123', 'B33', 105000, 3, 315000),
(232, '123', 'B34', 325000, 3, 975000),
(233, '124', 'B43', 3000, 15, 45000),
(234, '124', 'B35', 280000, 2, 560000),
(235, '125', 'B23', 119900, 4, 479600),
(236, '126', 'B32', 205000, 5, 1025000),
(237, '127', 'B4', 27000, 1, 27000),
(238, '127', 'B10', 80000, 1, 80000),
(239, '127', 'B16', 35000, 1, 35000),
(240, '128', 'B36', 185000, 4, 740000),
(241, '128', 'B40', 19000, 12, 228000),
(242, '129', 'B41', 19000, 6, 114000),
(243, '129', 'B30', 384000, 1, 384000),
(244, '130', 'B20', 148900, 1, 148900),
(245, '130', 'B3', 27000, 1, 27000),
(246, '130', 'B24', 145000, 1, 145000),
(247, '131', 'B31', 225000, 6, 1350000),
(248, '132', 'B4', 27000, 1, 27000),
(249, '132', 'B6', 27000, 1, 27000),
(250, '133', 'B1', 27000, 1, 27000),
(251, '134', 'B1', 27000, 10, 270000),
(252, '135', 'B2', 25000, 3, 75000),
(253, '136', 'B3', 27000, 3, 81000),
(254, '137', 'B4', 27000, 2, 54000),
(255, '138', 'B1', 27000, 1, 27000),
(256, '139', 'B1', 27000, 2, 54000),
(257, '140', 'B1', 27000, 1, 27000),
(258, '141', 'B2', 25000, 3, 75000),
(259, '142', 'B3', 27000, 1, 27000),
(260, '143', 'B1', 27000, 1, 27000),
(261, '144', 'B1', 27000, 10, 270000),
(262, '145', 'B1', 27000, 10, 270000);

-- --------------------------------------------------------

--
-- Struktur dari tabel `tb_detail_retur_pembelian`
--

CREATE TABLE `tb_detail_retur_pembelian` (
  `id_detail_retur` int(11) NOT NULL,
  `id_retur` int(11) NOT NULL,
  `kode_brg` varchar(255) NOT NULL,
  `jumlah` int(11) NOT NULL,
  `harga` int(11) NOT NULL,
  `total` int(11) NOT NULL
) ENGINE=InnoDB DEFAULT CHARSET=utf8;

--
-- Dumping data untuk tabel `tb_detail_retur_pembelian`
--

INSERT INTO `tb_detail_retur_pembelian` (`id_detail_retur`, `id_retur`, `kode_brg`, `jumlah`, `harga`, `total`) VALUES
(1, 1, 'B5', 1, 25000, 25000),
(2, 2, 'B3', 1, 25000, 25000),
(3, 3, 'B5', 1, 25000, 25000),
(5, 4, 'B13', 1, 34900, 34900),
(14, 5, 'B12', 10, 87100, 871000),
(15, 6, 'B2', 5, 23000, 115000),
(16, 7, 'B32', 1, 182826, 182826),
(17, 8, 'B20', 1, 138100, 138100),
(21, 9, 'B1', 1, 24000, 24000),
(22, 10, 'B1', 1, 24000, 24000),
(23, 11, 'B1', 1, 24000, 24000),
(24, 12, 'B34', 1, 317230, 317230),
(25, 13, 'B1', 1, 24000, 24000),
(26, 14, 'B1', 3, 24000, 72000),
(27, 15, 'B2', 1, 23000, 23000),
(28, 16, 'B6', 1, 25000, 25000),
(29, 17, 'B1', 5, 24000, 120000),
(30, 18, 'B2', 2, 23000, 46000);

-- --------------------------------------------------------

--
-- Struktur dari tabel `tb_detail_retur_penjualan`
--

CREATE TABLE `tb_detail_retur_penjualan` (
  `id_detail_retur` int(11) NOT NULL,
  `id_retur` int(11) NOT NULL,
  `kode_brg` varchar(255) NOT NULL,
  `jumlah` int(11) NOT NULL,
  `harga` int(11) NOT NULL,
  `total` int(11) NOT NULL
) ENGINE=InnoDB DEFAULT CHARSET=utf8;

--
-- Dumping data untuk tabel `tb_detail_retur_penjualan`
--

INSERT INTO `tb_detail_retur_penjualan` (`id_detail_retur`, `id_retur`, `kode_brg`, `jumlah`, `harga`, `total`) VALUES
(3, 2, 'B1', 2, 27000, 54000),
(4, 4, 'B1', 2, 27000, 54000),
(5, 5, 'B2', 1, 25000, 25000),
(6, 6, 'B1', 1, 27000, 27000),
(7, 7, 'B1', 1, 27000, 27000),
(8, 8, 'B3', 2, 27000, 54000),
(9, 9, 'B1', 1, 27000, 27000),
(10, 10, 'B1', 1, 27000, 27000),
(11, 11, 'B2', 2, 25000, 50000),
(12, 12, 'B1', 5, 27000, 135000),
(13, 13, 'B1', 5, 27000, 135000);

-- --------------------------------------------------------

--
-- Struktur dari tabel `tb_kategori`
--

CREATE TABLE `tb_kategori` (
  `id_kategori` int(10) NOT NULL,
  `nama_kategori` varchar(50) NOT NULL
) ENGINE=InnoDB DEFAULT CHARSET=latin1;

--
-- Dumping data untuk tabel `tb_kategori`
--

INSERT INTO `tb_kategori` (`id_kategori`, `nama_kategori`) VALUES
(1, 'ATK'),
(2, 'Makanan'),
(3, 'Minuman'),
(4, 'Alat Rumah Tangga'),
(5, 'Sepatu'),
(6, 'Sandal'),
(7, 'Aksesoris');

-- --------------------------------------------------------

--
-- Struktur dari tabel `tb_pembelian`
--

CREATE TABLE `tb_pembelian` (
  `id_pembelian` int(10) NOT NULL,
  `id_supel` int(10) NOT NULL,
  `tgl` date NOT NULL,
  `total` int(10) NOT NULL,
  `status` tinyint(1) DEFAULT '0',
  `INV` varchar(255) DEFAULT NULL,
  `id_user` int(11) DEFAULT NULL,
  `no_referensi` varchar(255) DEFAULT NULL
) ENGINE=InnoDB DEFAULT CHARSET=latin1;

--
-- Dumping data untuk tabel `tb_pembelian`
--

INSERT INTO `tb_pembelian` (`id_pembelian`, `id_supel`, `tgl`, `total`, `status`, `INV`, `id_user`, `no_referensi`) VALUES
(1, 8, '2016-01-10', 1770456, 1, 'IV-0000001', 8, '41008095'),
(2, 21, '2016-01-10', 255000, 1, 'IV-0000002', 8, '01885'),
(3, 6, '2016-01-14', 522600, 1, 'IV-0000003', 8, ''),
(4, 2, '2016-01-14', 105000, 1, 'IV-0000004', 8, '00339'),
(5, 11, '2016-01-14', 537300, 1, 'IV-0000005', 8, 'JL022167'),
(6, 18, '2016-01-23', 804000, 1, 'IV-0000006', 8, ''),
(7, 18, '2016-01-23', 508800, 1, 'IV-0000007', 8, ''),
(8, 13, '2016-01-23', 1411200, 1, 'IV-0000008', 8, ''),
(9, 11, '2016-01-31', 951690, 1, 'IV-0000009', 8, 'JL0022169'),
(10, 6, '2016-01-31', 640800, 1, 'IV-0000010', 8, '7418'),
(11, 10, '2016-01-31', 50000, 1, 'IV-0000011', 8, '11293'),
(12, 22, '2016-02-01', 297000, 1, 'IV-0000012', 8, ''),
(13, 6, '2016-02-01', 695400, 1, 'IV-0000013', 8, ''),
(14, 2, '2016-02-01', 510000, 1, 'IV-0000014', 8, ''),
(15, 2, '2016-02-13', 220200, 1, 'IV-0000015', 8, ''),
(16, 1, '2016-02-13', 1313400, 1, 'IV-0000016', 8, ''),
(17, 3, '2016-02-13', 1034340, 1, 'IV-0000017', 8, ''),
(18, 6, '2016-02-19', 809400, 1, 'IV-0000018', 8, ''),
(19, 22, '2016-02-19', 336200, 1, 'IV-0000019', 8, ''),
(20, 22, '2016-02-19', 483600, 1, 'IV-0000020', 8, ''),
(21, 1, '2016-03-01', 1747368, 1, 'IV-0000021', 8, '09923'),
(22, 6, '2016-03-01', 828600, 1, 'IV-0000022', 8, ''),
(23, 2, '2016-03-18', 100476, 1, 'IV-0000023', 8, ''),
(24, 6, '2016-03-18', 695400, 1, 'IV-0000024', 8, ''),
(25, 5, '2016-03-31', 1903380, 1, 'IV-0000025', 8, ''),
(26, 22, '2016-03-31', 1363800, 1, 'IV-0000026', 8, ''),
(27, 9, '2016-03-31', 1074600, 1, 'IV-0000027', 8, ''),
(28, 8, '2016-04-01', 1903380, 1, 'IV-0000028', 8, ''),
(29, 14, '2016-04-01', 1091500, 1, 'IV-0000029', 8, ''),
(30, 22, '2016-04-06', 655200, 1, 'IV-0000030', 8, ''),
(31, 10, '2016-04-06', 30000, 1, 'IV-0000031', 8, ''),
(32, 2, '2016-04-30', 105000, 1, 'IV-0000032', 8, ''),
(33, 8, '2016-04-30', 1313400, 1, 'IV-0000033', 8, ''),
(34, 11, '2016-05-01', 265226, 1, 'IV-0000034', 8, ''),
(35, 5, '2016-05-01', 57000, 1, 'IV-0000035', 8, ''),
(36, 11, '2016-05-21', 656700, 1, 'IV-0000036', 8, ''),
(37, 9, '2016-05-21', 951690, 1, 'IV-0000037', 8, ''),
(38, 3, '2016-06-10', 548478, 1, 'IV-0000038', 8, ''),
(39, 2, '2016-06-10', 210000, 1, 'IV-0000039', 8, ''),
(40, 6, '2016-06-24', 1638000, 1, 'IV-0000040', 8, ''),
(41, 21, '2016-06-24', 255000, 1, 'IV-0000041', 8, ''),
(42, 2, '2016-06-24', 114000, 1, 'IV-0000042', 8, ''),
(43, 4, '2016-07-01', 1591356, 1, 'IV-0000043', 8, ''),
(44, 22, '2016-07-01', 144000, 1, 'IV-0000044', 8, ''),
(45, 12, '2016-07-01', 2261400, 1, 'IV-0000045', 8, ''),
(46, 3, '2016-07-14', 656700, 1, 'IV-0000046', 8, ''),
(47, 6, '2016-07-14', 320400, 1, 'IV-0000047', 8, ''),
(48, 6, '2016-08-19', 1469400, 1, 'IV-0000048', 8, ''),
(49, 1, '2016-08-19', 1527931, 1, 'IV-0000049', 8, ''),
(50, 2, '2016-08-19', 114000, 1, 'IV-0000050', 8, ''),
(51, 5, '2016-08-31', 517170, 1, 'IV-0000051', 8, ''),
(52, 22, '2016-08-31', 222000, 1, 'IV-0000052', 8, ''),
(53, 11, '2016-09-02', 1205178, 1, 'IV-0000053', 8, ''),
(54, 2, '2016-09-02', 510000, 1, 'IV-0000054', 8, ''),
(55, 12, '2016-09-13', 1591356, 1, 'IV-0000055', 8, ''),
(56, 11, '2016-09-13', 1074600, 1, 'IV-0000056', 8, ''),
(57, 2, '2016-09-13', 210000, 1, 'IV-0000057', 8, ''),
(58, 22, '2016-10-04', 138000, 1, 'IV-0000058', 8, ''),
(59, 2, '2016-10-04', 210000, 1, 'IV-0000059', 8, ''),
(60, 8, '2016-10-21', 1591356, 1, 'IV-0000060', 8, ''),
(61, 6, '2016-10-21', 1336200, 1, 'IV-0000061', 8, ''),
(62, 8, '2016-11-03', 344780, 1, 'IV-0000062', 8, ''),
(63, 11, '2016-11-03', 537300, 1, 'IV-0000063', 8, ''),
(64, 6, '2016-11-26', 725100, 1, 'IV-0000064', 8, ''),
(65, 2, '2016-11-26', 219000, 1, 'IV-0000065', 8, ''),
(66, 22, '2016-12-23', 670200, 1, 'IV-0000066', 8, ''),
(67, 2, '2016-12-23', 157500, 1, 'IV-0000067', 8, ''),
(68, 21, '2016-12-29', 1062500, 1, 'IV-0000068', 8, ''),
(69, 11, '2016-12-29', 3494736, 1, 'IV-0000069', 8, ''),
(70, 6, '2016-12-29', 640800, 1, 'IV-0000070', 8, ''),
(71, 23, '2017-01-06', 4744800, 1, 'IV-0000071', 8, ''),
(72, 8, '2017-01-06', 1903380, 1, 'IV-0000072', 8, ''),
(73, 6, '2017-01-26', 522600, 1, 'IV-0000073', 8, ''),
(74, 2, '2017-01-26', 255000, 1, 'IV-0000074', 8, ''),
(75, 22, '2017-02-01', 300000, 1, 'IV-0000075', 8, ''),
(76, 11, '2017-02-01', 1591356, 1, 'IV-0000076', 8, ''),
(77, 22, '2017-02-24', 150000, 1, 'IV-0000077', 8, ''),
(78, 3, '2017-02-24', 1591356, 1, 'IV-0000078', 8, ''),
(79, 2, '2017-03-10', 100476, 1, 'IV-0000079', 8, ''),
(80, 6, '2017-03-10', 640800, 1, 'IV-0000080', 8, ''),
(81, 1, '2017-03-23', 187800, 1, 'IV-0000081', 8, ''),
(82, 4, '2017-03-23', 4744800, 1, 'IV-0000082', 8, ''),
(83, 22, '2017-04-07', 335900, 1, 'IV-0000083', 8, ''),
(84, 2, '2017-04-07', 107238, 1, 'IV-0000084', 8, ''),
(85, 2, '2017-05-03', 100476, 1, 'IV-0000085', 8, ''),
(86, 23, '2017-05-03', 2483400, 1, 'IV-0000086', 8, ''),
(87, 14, '2017-05-03', 767378, 1, 'IV-0000087', 8, ''),
(88, 22, '2017-05-18', 966600, 1, 'IV-0000088', 8, ''),
(89, 2, '2017-05-18', 220200, 1, 'IV-0000089', 8, ''),
(90, 5, '2017-06-01', 1313400, 1, 'IV-0000090', 8, ''),
(91, 13, '2017-06-01', 714600, 1, 'IV-0000091', 8, ''),
(92, 8, '2017-07-04', 50000, 1, 'IV-0000092', 8, ''),
(93, 2, '2017-07-04', 255000, 1, 'IV-0000093', 8, ''),
(94, 22, '2017-08-03', 172000, 1, 'IV-0000094', 8, ''),
(95, 2, '2017-08-03', 105000, 1, 'IV-0000095', 8, ''),
(96, 6, '2017-09-02', 828600, 1, 'IV-0000096', 8, ''),
(97, 11, '2017-09-02', 807063, 1, 'IV-0000097', 8, ''),
(98, 3, '2017-09-11', 24000, 1, 'IV-0000098', 8, ''),
(99, 22, '2017-09-11', 48000, 1, 'IV-0000099', 8, '0001'),
(100, 1, '2017-09-11', 317230, 1, 'IV-0000100', 8, ''),
(101, 22, '2017-09-12', 72000, 1, 'IV-0000101', 8, ''),
(102, 22, '2017-09-12', 240000, 1, 'IV-0000102', 8, '001'),
(103, 22, '2017-09-13', 115000, 1, 'IV-0000103', 8, ''),
(104, 2, '2017-09-13', 265226, 1, 'IV-0000104', 8, ''),
(105, 1, '2017-09-13', 75000, 1, 'IV-0000105', 8, ''),
(106, 3, '2017-09-13', 240000, 1, 'IV-0000106', 8, ''),
(107, 2, '2017-09-13', 115000, 1, 'IV-0000107', 8, ''),
(108, 0, '2017-09-13', 0, 0, 'IV-0000108', 8, NULL);

-- --------------------------------------------------------

--
-- Struktur dari tabel `tb_penjualan`
--

CREATE TABLE `tb_penjualan` (
  `id_penjualan` int(11) NOT NULL,
  `INV` varchar(255) NOT NULL,
  `tgl` datetime NOT NULL,
  `total` int(20) NOT NULL,
  `id_user` int(11) NOT NULL,
  `status` tinyint(4) NOT NULL,
  `bayar` int(11) NOT NULL,
  `kembali` int(11) NOT NULL
) ENGINE=InnoDB DEFAULT CHARSET=latin1;

--
-- Dumping data untuk tabel `tb_penjualan`
--

INSERT INTO `tb_penjualan` (`id_penjualan`, `INV`, `tgl`, `total`, `id_user`, `status`, `bayar`, `kembali`) VALUES
(1, 'TRX-0000001', '2016-01-10 10:09:18', 229900, 8, 1, 300000, 70100),
(2, 'TRX-0000002', '2016-01-10 10:11:30', 465000, 8, 1, 500000, 35000),
(3, 'TRX-0000003', '2016-01-10 10:11:54', 36000, 8, 1, 50000, 14000),
(4, 'TRX-0000004', '2016-01-14 10:36:29', 485000, 8, 1, 500000, 15000),
(5, 'TRX-0000005', '2016-01-14 10:37:37', 150000, 8, 1, 200000, 50000),
(6, 'TRX-0000006', '2016-01-14 10:37:49', 359700, 8, 1, 400000, 40300),
(7, 'TRX-0000007', '2016-01-23 10:39:32', 116000, 8, 1, 200000, 84000),
(8, 'TRX-0000008', '2016-01-23 10:46:41', 81000, 8, 1, 90000, 9000),
(9, 'TRX-0000009', '2016-01-23 10:49:03', 63000, 8, 1, 70000, 7000),
(10, 'TRX-0000010', '2016-01-31 10:52:46', 111000, 8, 1, 150000, 39000),
(11, 'TRX-0000011', '2016-01-31 10:53:25', 121000, 8, 1, 150000, 29000),
(12, 'TRX-0000012', '2016-01-31 10:53:56', 380400, 8, 1, 400000, 19600),
(13, 'TRX-0000013', '2016-02-01 11:02:35', 108000, 8, 1, 120000, 12000),
(14, 'TRX-0000014', '2016-02-01 11:03:18', 37000, 8, 1, 50000, 13000),
(15, 'TRX-0000015', '2016-02-01 11:03:34', 160000, 8, 1, 200000, 40000),
(16, 'TRX-0000016', '2016-02-13 11:04:01', 27000, 8, 1, 50000, 23000),
(17, 'TRX-0000017', '2016-02-13 11:04:16', 158900, 8, 1, 200000, 41100),
(18, 'TRX-0000018', '2016-02-13 11:04:43', 30000, 8, 1, 40000, 10000),
(19, 'TRX-0000019', '2016-02-19 11:09:00', 80000, 8, 1, 100000, 20000),
(20, 'TRX-0000020', '2016-02-19 11:09:26', 74000, 8, 1, 80000, 6000),
(21, 'TRX-0000021', '2016-02-19 11:12:34', 30000, 8, 1, 50000, 20000),
(22, 'TRX-0000022', '2016-02-19 11:15:13', 27000, 8, 1, 50000, 23000),
(23, 'TRX-0000023', '2016-03-18 12:33:30', 108000, 8, 1, 150000, 42000),
(24, 'TRX-0000024', '2016-03-18 12:34:25', 60000, 8, 1, 70000, 10000),
(25, 'TRX-0000025', '2016-03-18 12:34:42', 27000, 8, 1, 50000, 23000),
(26, 'TRX-0000026', '2016-03-31 12:40:26', 893400, 8, 1, 900000, 6600),
(27, 'TRX-0000027', '2016-03-31 12:40:37', 45000, 8, 1, 50000, 5000),
(28, 'TRX-0000028', '2016-03-31 12:40:55', 384000, 8, 1, 400000, 16000),
(29, 'TRX-0000029', '2016-04-01 12:41:25', 135000, 8, 1, 150000, 15000),
(30, 'TRX-0000030', '2016-04-01 12:41:40', 114000, 8, 1, 120000, 6000),
(31, 'TRX-0000031', '2016-04-01 12:42:07', 248700, 8, 1, 300000, 51300),
(32, 'TRX-0000032', '2016-04-06 12:48:07', 36000, 8, 1, 50000, 14000),
(33, 'TRX-0000033', '2016-04-06 12:49:09', 80000, 8, 1, 100000, 20000),
(34, 'TRX-0000034', '2016-04-06 12:49:23', 446700, 8, 1, 500000, 53300),
(35, 'TRX-0000035', '2016-04-30 12:51:21', 1120000, 8, 1, 1200000, 80000),
(36, 'TRX-0000036', '2016-04-30 12:51:34', 37000, 8, 1, 50000, 13000),
(37, 'TRX-0000037', '2016-04-30 12:51:43', 45000, 8, 1, 50000, 5000),
(38, 'TRX-0000038', '2016-05-01 12:52:09', 840000, 8, 1, 1000000, 160000),
(39, 'TRX-0000039', '2016-05-01 12:52:19', 45000, 8, 1, 50000, 5000),
(40, 'TRX-0000040', '2016-05-01 12:52:33', 420000, 8, 1, 500000, 80000),
(41, 'TRX-0000041', '2016-05-21 12:54:44', 91000, 8, 1, 100000, 9000),
(42, 'TRX-0000042', '2016-05-21 12:55:08', 270000, 8, 1, 300000, 30000),
(43, 'TRX-0000043', '2016-05-21 12:55:31', 45000, 8, 1, 50000, 5000),
(44, 'TRX-0000044', '2016-06-10 12:56:04', 430000, 8, 1, 500000, 70000),
(45, 'TRX-0000045', '2016-06-10 12:56:17', 180000, 8, 1, 200000, 20000),
(46, 'TRX-0000046', '2016-06-10 12:56:42', 107000, 8, 1, 110000, 3000),
(47, 'TRX-0000047', '2016-06-24 13:01:33', 384000, 8, 1, 400000, 16000),
(48, 'TRX-0000048', '2016-06-24 13:04:48', 465000, 8, 1, 465000, 0),
(49, 'TRX-0000049', '2016-06-24 13:05:04', 219700, 8, 1, 250000, 30300),
(50, 'TRX-0000050', '2016-07-01 13:08:52', 126800, 8, 1, 130000, 3200),
(51, 'TRX-0000051', '2016-07-01 13:09:12', 79000, 8, 1, 80000, 1000),
(52, 'TRX-0000052', '2016-07-01 13:10:33', 114000, 8, 1, 120000, 6000),
(53, 'TRX-0000053', '2016-07-14 13:11:21', 225000, 8, 1, 250000, 25000),
(54, 'TRX-0000054', '2016-07-14 13:11:31', 30000, 8, 1, 50000, 20000),
(55, 'TRX-0000055', '2016-07-14 13:12:12', 108000, 8, 1, 109000, 1000),
(56, 'TRX-0000056', '2016-07-14 13:13:40', 27000, 8, 1, 30000, 3000),
(57, 'TRX-0000057', '2016-08-19 13:22:15', 90000, 8, 1, 90000, 0),
(58, 'TRX-0000058', '2016-08-19 13:22:31', 10000, 8, 1, 20000, 10000),
(59, 'TRX-0000059', '2016-08-19 13:22:45', 30000, 8, 1, 40000, 10000),
(60, 'TRX-0000060', '2016-08-19 18:04:55', 136800, 8, 1, 140000, 3200),
(61, 'TRX-0000061', '2016-08-31 18:10:33', 119900, 8, 1, 200000, 80100),
(62, 'TRX-0000062', '2016-08-31 18:12:59', 54000, 8, 1, 60000, 6000),
(63, 'TRX-0000063', '2016-08-31 18:13:08', 136800, 8, 1, 150000, 13200),
(64, 'TRX-0000064', '2016-09-02 18:17:06', 104000, 8, 1, 150000, 46000),
(65, 'TRX-0000065', '2016-09-02 18:17:26', 297000, 8, 1, 300000, 3000),
(66, 'TRX-0000066', '2016-09-02 18:17:50', 804000, 8, 1, 900000, 96000),
(67, 'TRX-0000067', '2016-09-13 18:19:01', 694000, 8, 1, 700000, 6000),
(68, 'TRX-0000068', '2016-09-13 18:19:20', 234000, 8, 1, 235000, 1000),
(69, 'TRX-0000069', '2016-09-13 18:22:10', 120000, 8, 1, 120000, 0),
(70, 'TRX-0000070', '2016-10-04 18:24:26', 275000, 8, 1, 280000, 5000),
(71, 'TRX-0000071', '2016-10-04 18:24:59', 311800, 8, 1, 315000, 3200),
(72, 'TRX-0000072', '2016-10-04 18:30:50', 1152000, 8, 1, 1160000, 8000),
(73, 'TRX-0000073', '2016-10-21 18:38:23', 441000, 8, 1, 442000, 1000),
(74, 'TRX-0000074', '2016-10-21 18:38:48', 178400, 8, 1, 179000, 600),
(75, 'TRX-0000075', '2016-10-21 18:39:20', 1186700, 8, 1, 1190000, 3300),
(76, 'TRX-0000076', '2016-10-21 18:39:51', 201000, 8, 1, 202000, 1000),
(77, 'TRX-0000077', '2016-11-03 18:40:38', 740000, 8, 1, 750000, 10000),
(78, 'TRX-0000078', '2016-11-03 18:41:06', 734000, 8, 1, 750000, 16000),
(79, 'TRX-0000079', '2016-11-03 18:41:40', 207000, 8, 1, 208000, 1000),
(80, 'TRX-0000080', '2016-11-03 18:42:08', 248700, 8, 1, 249000, 300),
(81, 'TRX-0000081', '2016-11-03 18:43:00', 319000, 8, 1, 320000, 1000),
(82, 'TRX-0000082', '2016-11-26 18:49:37', 652800, 8, 1, 653000, 200),
(83, 'TRX-0000083', '2016-11-26 18:50:54', 694000, 8, 1, 700000, 6000),
(84, 'TRX-0000084', '2016-12-23 18:51:39', 76000, 8, 1, 77000, 1000),
(85, 'TRX-0000085', '2016-12-23 18:52:18', 325800, 8, 1, 326000, 200),
(86, 'TRX-0000086', '2016-12-23 18:52:53', 515000, 8, 1, 515000, 0),
(87, 'TRX-0000087', '2016-12-29 18:58:05', 616000, 8, 1, 617000, 1000),
(88, 'TRX-0000088', '2016-12-29 18:58:42', 474000, 8, 1, 475000, 1000),
(89, 'TRX-0000089', '2017-01-06 19:02:43', 1950000, 8, 1, 1950000, 0),
(90, 'TRX-0000090', '2017-01-06 19:03:14', 175900, 8, 1, 176000, 100),
(91, 'TRX-0000091', '2017-01-06 19:03:31', 2280000, 8, 1, 3000000, 720000),
(92, 'TRX-0000092', '2017-01-26 19:05:31', 54000, 8, 1, 60000, 6000),
(93, 'TRX-0000093', '2017-01-26 19:05:45', 384000, 8, 1, 400000, 16000),
(94, 'TRX-0000094', '2017-02-01 19:07:56', 228000, 8, 1, 229000, 1000),
(95, 'TRX-0000095', '2017-02-01 19:08:34', 27000, 8, 1, 30000, 3000),
(96, 'TRX-0000096', '2017-02-24 19:10:56', 421000, 8, 1, 500000, 79000),
(97, 'TRX-0000097', '2017-02-24 19:11:19', 40000, 8, 1, 50000, 10000),
(98, 'TRX-0000098', '2017-02-24 19:11:44', 64000, 8, 1, 70000, 6000),
(99, 'TRX-0000099', '2017-03-10 19:14:49', 122000, 8, 1, 123000, 1000),
(100, 'TRX-0000100', '2017-03-10 19:15:07', 117000, 8, 1, 120000, 3000),
(101, 'TRX-0000101', '2017-03-10 19:15:38', 148900, 8, 1, 200000, 51100),
(102, 'TRX-0000102', '2017-03-23 19:17:23', 37000, 8, 1, 40000, 3000),
(103, 'TRX-0000103', '2017-03-23 19:17:59', 146900, 8, 1, 147000, 100),
(104, 'TRX-0000104', '2017-03-23 19:18:19', 122000, 8, 1, 130000, 8000),
(105, 'TRX-0000105', '2017-04-07 19:21:12', 175900, 8, 1, 176000, 100),
(106, 'TRX-0000106', '2017-04-07 19:21:41', 675000, 8, 1, 675000, 0),
(107, 'TRX-0000107', '2017-04-07 19:22:08', 81000, 8, 1, 90000, 9000),
(108, 'TRX-0000108', '2017-04-07 19:22:32', 184900, 8, 1, 200000, 15100),
(109, 'TRX-0000109', '2017-04-26 19:25:28', 906200, 8, 1, 1000000, 93800),
(110, 'TRX-0000110', '2017-04-26 19:26:00', 459000, 8, 1, 460000, 1000),
(111, 'TRX-0000111', '2017-04-26 19:26:20', 105000, 8, 1, 105000, 0),
(112, 'TRX-0000112', '2017-05-03 19:26:50', 141000, 8, 1, 145000, 4000),
(113, 'TRX-0000113', '2017-05-03 19:27:13', 162000, 8, 1, 165000, 3000),
(114, 'TRX-0000114', '2017-05-03 19:27:36', 144000, 8, 1, 150000, 6000),
(115, 'TRX-0000115', '2017-05-18 19:35:39', 316000, 8, 1, 317000, 1000),
(116, 'TRX-0000116', '2017-05-18 19:36:23', 413800, 8, 1, 415000, 1200),
(117, 'TRX-0000117', '2017-05-18 19:36:49', 243900, 8, 1, 245000, 1100),
(118, 'TRX-0000118', '2017-06-01 19:41:40', 1860000, 8, 1, 1900000, 40000),
(119, 'TRX-0000119', '2017-06-01 19:42:57', 3630000, 8, 1, 4000000, 370000),
(120, 'TRX-0000120', '2017-06-01 19:43:39', 72000, 8, 1, 80000, 8000),
(121, 'TRX-0000121', '2017-07-04 20:45:06', 214900, 8, 1, 215000, 100),
(122, 'TRX-0000122', '2017-07-04 20:45:46', 1650000, 8, 1, 1650000, 0),
(123, 'TRX-0000123', '2017-07-21 20:46:29', 1290000, 8, 1, 1300000, 10000),
(124, 'TRX-0000124', '2017-07-21 20:46:54', 605000, 8, 1, 610000, 5000),
(125, 'TRX-0000125', '2017-08-03 20:48:03', 479600, 8, 1, 500000, 20400),
(126, 'TRX-0000126', '2017-08-03 20:48:24', 1025000, 8, 1, 1030000, 5000),
(127, 'TRX-0000127', '2017-08-03 20:49:09', 142000, 8, 1, 150000, 8000),
(128, 'TRX-0000128', '2017-09-02 20:52:19', 968000, 8, 1, 1000000, 32000),
(129, 'TRX-0000129', '2017-09-02 20:53:10', 498000, 8, 1, 500000, 2000),
(130, 'TRX-0000130', '2017-09-05 20:53:47', 320900, 8, 1, 350000, 29100),
(131, 'TRX-0000131', '2017-09-05 20:54:05', 1350000, 8, 1, 1350000, 0),
(132, 'TRX-0000132', '2017-09-05 20:58:22', 54000, 8, 1, 60000, 6000),
(133, 'TRX-0000133', '2017-09-11 21:08:53', 27000, 8, 1, 30000, 3000),
(134, 'TRX-0000134', '2017-09-11 22:32:07', 270000, 8, 1, 280000, 10000),
(135, 'TRX-0000135', '2017-09-11 22:35:52', 75000, 8, 1, 80000, 5000),
(136, 'TRX-0000136', '2017-09-11 22:47:45', 81000, 8, 1, 82000, 1000),
(137, 'TRX-0000137', '2017-09-12 07:31:15', 54000, 8, 1, 55000, 1000),
(138, 'TRX-0000138', '2017-09-12 07:32:05', 27000, 8, 1, 30000, 3000),
(139, 'TRX-0000139', '2017-09-12 10:29:36', 54000, 8, 1, 55000, 1000),
(140, 'TRX-0000140', '2017-09-12 10:30:32', 27000, 8, 1, 30000, 3000),
(141, 'TRX-0000141', '2017-09-13 08:52:51', 75000, 8, 1, 80000, 5000),
(142, 'TRX-0000142', '2017-09-13 21:01:35', 27000, 8, 1, 30000, 3000),
(143, 'TRX-0000143', '2017-09-13 21:17:03', 27000, 8, 1, 30000, 3000),
(144, 'TRX-0000144', '2017-09-13 22:54:48', 270000, 8, 1, 300000, 30000),
(145, 'TRX-0000145', '2017-09-13 23:08:56', 270000, 8, 1, 300000, 30000),
(146, 'TRX-0000146', '2017-09-17 21:07:17', 0, 8, 0, 0, 0);

-- --------------------------------------------------------

--
-- Struktur dari tabel `tb_retur_pembelian`
--

CREATE TABLE `tb_retur_pembelian` (
  `id_retur_pembelian` int(11) NOT NULL,
  `INV` varchar(255) NOT NULL,
  `tgl` datetime NOT NULL,
  `no_pembelian` int(11) NOT NULL,
  `id_supel` int(11) NOT NULL,
  `total` int(11) NOT NULL,
  `id_user` int(11) NOT NULL,
  `status` tinyint(4) NOT NULL
) ENGINE=InnoDB DEFAULT CHARSET=utf8;

--
-- Dumping data untuk tabel `tb_retur_pembelian`
--

INSERT INTO `tb_retur_pembelian` (`id_retur_pembelian`, `INV`, `tgl`, `no_pembelian`, `id_supel`, `total`, `id_user`, `status`) VALUES
(1, 'RET-0000001', '2017-08-28 00:00:00', 28, 3, 25000, 8, 1),
(2, 'RET-0000002', '2017-08-28 00:00:00', 23, 12, 25000, 8, 1),
(3, 'RET-0000003', '2017-08-29 00:00:00', 28, 3, 25000, 8, 1),
(4, 'RET-0000004', '2017-09-08 21:39:56', 30, 1, 34900, 8, 1),
(5, 'RET-0000005', '2017-09-08 22:40:49', 31, 2, 871000, 8, 1),
(6, 'RET-0000006', '2017-09-09 21:04:13', 32, 12, 115000, 8, 1),
(7, 'RET-0000007', '2017-09-11 17:04:39', 97, 11, 182826, 8, 1),
(8, 'RET-0000008', '2017-09-11 17:05:05', 96, 6, 138100, 8, 1),
(9, 'RET-0000009', '2017-09-11 22:16:23', 98, 3, 24000, 8, 1),
(10, 'RET-0000010', '2017-09-11 22:33:43', 99, 22, 24000, 8, 1),
(11, 'RET-0000011', '2017-09-11 22:34:50', 99, 22, 24000, 8, 1),
(12, 'RET-0000012', '2017-09-11 22:50:16', 100, 1, 317230, 8, 1),
(13, 'RET-0000013', '2017-09-12 07:38:06', 101, 22, 24000, 8, 1),
(14, 'RET-0000014', '2017-09-12 10:32:58', 102, 22, 72000, 8, 1),
(15, 'RET-0000015', '2017-09-13 08:58:15', 103, 22, 23000, 8, 1),
(16, 'RET-0000016', '2017-09-13 22:56:36', 105, 1, 25000, 8, 1),
(17, 'RET-0000017', '2017-09-13 23:07:01', 106, 3, 120000, 8, 1),
(18, 'RET-0000018', '2017-09-13 23:08:26', 107, 2, 46000, 8, 1),
(19, 'RET-0000019', '2017-09-17 21:07:36', 0, 0, 0, 8, 0);

-- --------------------------------------------------------

--
-- Struktur dari tabel `tb_retur_penjualan`
--

CREATE TABLE `tb_retur_penjualan` (
  `id_retur_penjualan` int(11) NOT NULL,
  `INV` varchar(255) NOT NULL,
  `tgl` datetime NOT NULL,
  `no_penjualan` int(11) NOT NULL,
  `id_supel` int(11) NOT NULL,
  `total` int(11) NOT NULL,
  `id_user` int(11) NOT NULL,
  `status` tinyint(4) NOT NULL
) ENGINE=InnoDB DEFAULT CHARSET=utf8;

--
-- Dumping data untuk tabel `tb_retur_penjualan`
--

INSERT INTO `tb_retur_penjualan` (`id_retur_penjualan`, `INV`, `tgl`, `no_penjualan`, `id_supel`, `total`, `id_user`, `status`) VALUES
(1, 'ROT-0000001', '2017-08-29 23:46:47', 41, 0, 10000, 8, 1),
(2, 'ROT-0000002', '2017-09-08 21:38:14', 62, 0, 54000, 8, 1),
(3, 'ROT-0000003', '2017-09-08 21:39:13', 0, 0, 54000, 8, 1),
(4, 'ROT-0000004', '2017-09-08 22:39:29', 63, 0, 54000, 8, 1),
(5, 'ROT-0000005', '2017-09-09 21:04:47', 64, 0, 25000, 8, 1),
(6, 'ROT-0000006', '2017-09-11 22:22:46', 133, 0, 27000, 8, 1),
(7, 'ROT-0000007', '2017-09-11 22:32:43', 134, 0, 27000, 8, 1),
(8, 'ROT-0000008', '2017-09-11 22:48:40', 136, 0, 54000, 8, 1),
(9, 'ROT-0000009', '2017-09-12 07:38:48', 138, 0, 27000, 8, 1),
(10, 'ROT-0000010', '2017-09-12 10:32:03', 140, 0, 27000, 8, 1),
(11, 'ROT-0000011', '2017-09-13 09:01:43', 141, 0, 50000, 8, 1),
(12, 'ROT-0000012', '2017-09-13 22:55:53', 144, 0, 135000, 8, 1),
(13, 'ROT-0000013', '2017-09-13 23:09:41', 145, 0, 135000, 8, 1),
(14, 'ROT-0000014', '2017-09-17 21:07:30', 0, 0, 0, 8, 0);

-- --------------------------------------------------------

--
-- Struktur dari tabel `tb_supel`
--

CREATE TABLE `tb_supel` (
  `id_supel` int(10) NOT NULL,
  `Nama` varchar(50) NOT NULL,
  `Alamat` text NOT NULL,
  `No_tlp` varchar(15) NOT NULL
) ENGINE=InnoDB DEFAULT CHARSET=latin1;

--
-- Dumping data untuk tabel `tb_supel`
--

INSERT INTO `tb_supel` (`id_supel`, `Nama`, `Alamat`, `No_tlp`) VALUES
(1, 'PT. Intrasari Raya', 'Cargo Permai No. 5, Denpasar', '08970970099'),
(2, 'CV Sumber Jasa', 'Jl Bung Tomo No 18', '03614122218'),
(3, 'PT. Borwita Citra Prima', 'Jl Raya Taman 48A Taman Sidoarjo', '0'),
(4, 'PT. Delta Pusaka Indah', 'Jl Pulau Bungin No 177X Sari Pamogan, Denpasar Selatan', '0361482312'),
(5, 'PT.Sinar Mayuri', 'Jl Gatot Subroto Timur No 296 Tonja', '03618445181'),
(6, 'UD.Rama', 'JL Raya Taman Bali-Bangli', '03665501054'),
(7, 'PT Sinar Sosro KPW Bali-Nusra', 'Jl Rajawali(Samping Masjid Bajera) Tabanan', '03618943639'),
(8, 'PT Arta Boga Cemerlang', 'Jl Daan Mogot KM 11 Kedaung Kali Angke Cengkareng', '0361462733'),
(9, 'PT Enseval Putera Megatrading Tbk', 'Jl Raya Lukluk NO 115 Badung', '03618468545'),
(10, 'PT Agri Utama Munang', 'Jl Muding Mundeh No 3 Muding Kaja Kerobokan', '0361419725'),
(11, 'PT Unirama Duta Niaga', 'Jl Kelapa Dua Wetan No 09 Ciracas Jakarta ', '0361720481'),
(12, 'PT Sinar Niaga Sejahtera ', 'Jl Denpasar-Tabanan(Arah Masuk Terminal Mengwi)', '0361427911'),
(13, 'UD.Mavindo Jaya', 'Jl.C.Himalaya Selatan No 5 Denpasar ', '0817361035'),
(14, 'PT Bintang Bali Indah', 'Cargo Permai No 88 ,Denpasar ', '0'),
(15, 'PT Javas Bali Lestari', 'Jl Pura Demak Gg Lange I No 9 Denpasar', '03619376108'),
(16, 'PT Puri Pagan Utama', 'Jl By Pass Ngurah Rai No 555 X Pesanggaran ', '0361729505'),
(17, 'PT Surya Pratista Hutama', 'Jl Raya Suko KM 03 Sidoarjo', '0318963765'),
(18, 'PT Mandiri Tri Makmur ', 'Jl Raya Sempidi No 2 Badung ', '0361424499'),
(19, 'PT Sekar Nusa Baruna ', 'Jl Raya Abian Base Banjar Muncan', '03614423692'),
(20, 'PT Anugrah Agung Alami', 'Jl Bringkit Gadon, BrKlod Kauh, Desa Mengwi', '0361815050'),
(21, 'Tirta Anugrah', 'Jl Perkutut No. 29 Tabanan', '085100919655'),
(22, 'Toko Baru', 'Jalan Raya Marga', '0'),
(23, 'Duta Niaga', '-', '0');

-- --------------------------------------------------------

--
-- Struktur dari tabel `tb_user`
--

CREATE TABLE `tb_user` (
  `id_user` int(10) NOT NULL,
  `Nama` varchar(50) NOT NULL,
  `Username` varchar(30) DEFAULT NULL,
  `Password` varchar(30) DEFAULT NULL,
  `Level` varchar(10) DEFAULT NULL
) ENGINE=InnoDB DEFAULT CHARSET=latin1;

--
-- Dumping data untuk tabel `tb_user`
--

INSERT INTO `tb_user` (`id_user`, `Nama`, `Username`, `Password`, `Level`) VALUES
(1, 'Ni Putu  Vera Wahyunita', 'admin', 'admin', 'admin'),
(8, 'Ni Wayan Krisna ', 'Karyawan', 'karyawan', 'karyawan'),
(9, 'I Made Warka', 'owner', 'owner', 'owner');

--
-- Indexes for dumped tables
--

--
-- Indeks untuk tabel `in_stok`
--
ALTER TABLE `in_stok`
  ADD PRIMARY KEY (`id_in_stok`);

--
-- Indeks untuk tabel `out_stok`
--
ALTER TABLE `out_stok`
  ADD PRIMARY KEY (`id_out_stok`);

--
-- Indeks untuk tabel `tb_barang`
--
ALTER TABLE `tb_barang`
  ADD PRIMARY KEY (`kode_brg`);

--
-- Indeks untuk tabel `tb_detail_pembelian`
--
ALTER TABLE `tb_detail_pembelian`
  ADD PRIMARY KEY (`id_detail_pem`);

--
-- Indeks untuk tabel `tb_detail_penjualan`
--
ALTER TABLE `tb_detail_penjualan`
  ADD PRIMARY KEY (`id_detail_pen`);

--
-- Indeks untuk tabel `tb_detail_retur_pembelian`
--
ALTER TABLE `tb_detail_retur_pembelian`
  ADD PRIMARY KEY (`id_detail_retur`);

--
-- Indeks untuk tabel `tb_detail_retur_penjualan`
--
ALTER TABLE `tb_detail_retur_penjualan`
  ADD PRIMARY KEY (`id_detail_retur`);

--
-- Indeks untuk tabel `tb_kategori`
--
ALTER TABLE `tb_kategori`
  ADD PRIMARY KEY (`id_kategori`);

--
-- Indeks untuk tabel `tb_pembelian`
--
ALTER TABLE `tb_pembelian`
  ADD PRIMARY KEY (`id_pembelian`);

--
-- Indeks untuk tabel `tb_penjualan`
--
ALTER TABLE `tb_penjualan`
  ADD PRIMARY KEY (`id_penjualan`);

--
-- Indeks untuk tabel `tb_retur_pembelian`
--
ALTER TABLE `tb_retur_pembelian`
  ADD PRIMARY KEY (`id_retur_pembelian`);

--
-- Indeks untuk tabel `tb_retur_penjualan`
--
ALTER TABLE `tb_retur_penjualan`
  ADD PRIMARY KEY (`id_retur_penjualan`);

--
-- Indeks untuk tabel `tb_supel`
--
ALTER TABLE `tb_supel`
  ADD PRIMARY KEY (`id_supel`);

--
-- Indeks untuk tabel `tb_user`
--
ALTER TABLE `tb_user`
  ADD PRIMARY KEY (`id_user`);

--
-- AUTO_INCREMENT untuk tabel yang dibuang
--

--
-- AUTO_INCREMENT untuk tabel `in_stok`
--
ALTER TABLE `in_stok`
  MODIFY `id_in_stok` int(10) UNSIGNED NOT NULL AUTO_INCREMENT, AUTO_INCREMENT=211;

--
-- AUTO_INCREMENT untuk tabel `out_stok`
--
ALTER TABLE `out_stok`
  MODIFY `id_out_stok` int(10) UNSIGNED NOT NULL AUTO_INCREMENT, AUTO_INCREMENT=344;

--
-- AUTO_INCREMENT untuk tabel `tb_detail_pembelian`
--
ALTER TABLE `tb_detail_pembelian`
  MODIFY `id_detail_pem` int(11) NOT NULL AUTO_INCREMENT, AUTO_INCREMENT=177;

--
-- AUTO_INCREMENT untuk tabel `tb_detail_penjualan`
--
ALTER TABLE `tb_detail_penjualan`
  MODIFY `id_detail_pen` int(15) NOT NULL AUTO_INCREMENT, AUTO_INCREMENT=263;

--
-- AUTO_INCREMENT untuk tabel `tb_detail_retur_pembelian`
--
ALTER TABLE `tb_detail_retur_pembelian`
  MODIFY `id_detail_retur` int(11) NOT NULL AUTO_INCREMENT, AUTO_INCREMENT=31;

--
-- AUTO_INCREMENT untuk tabel `tb_detail_retur_penjualan`
--
ALTER TABLE `tb_detail_retur_penjualan`
  MODIFY `id_detail_retur` int(11) NOT NULL AUTO_INCREMENT, AUTO_INCREMENT=14;

--
-- AUTO_INCREMENT untuk tabel `tb_kategori`
--
ALTER TABLE `tb_kategori`
  MODIFY `id_kategori` int(10) NOT NULL AUTO_INCREMENT, AUTO_INCREMENT=8;

--
-- AUTO_INCREMENT untuk tabel `tb_pembelian`
--
ALTER TABLE `tb_pembelian`
  MODIFY `id_pembelian` int(10) NOT NULL AUTO_INCREMENT, AUTO_INCREMENT=109;

--
-- AUTO_INCREMENT untuk tabel `tb_penjualan`
--
ALTER TABLE `tb_penjualan`
  MODIFY `id_penjualan` int(11) NOT NULL AUTO_INCREMENT, AUTO_INCREMENT=147;

--
-- AUTO_INCREMENT untuk tabel `tb_retur_pembelian`
--
ALTER TABLE `tb_retur_pembelian`
  MODIFY `id_retur_pembelian` int(11) NOT NULL AUTO_INCREMENT, AUTO_INCREMENT=20;

--
-- AUTO_INCREMENT untuk tabel `tb_retur_penjualan`
--
ALTER TABLE `tb_retur_penjualan`
  MODIFY `id_retur_penjualan` int(11) NOT NULL AUTO_INCREMENT, AUTO_INCREMENT=15;

--
-- AUTO_INCREMENT untuk tabel `tb_supel`
--
ALTER TABLE `tb_supel`
  MODIFY `id_supel` int(10) NOT NULL AUTO_INCREMENT, AUTO_INCREMENT=24;

--
-- AUTO_INCREMENT untuk tabel `tb_user`
--
ALTER TABLE `tb_user`
  MODIFY `id_user` int(10) NOT NULL AUTO_INCREMENT, AUTO_INCREMENT=10;
COMMIT;

/*!40101 SET CHARACTER_SET_CLIENT=@OLD_CHARACTER_SET_CLIENT */;
/*!40101 SET CHARACTER_SET_RESULTS=@OLD_CHARACTER_SET_RESULTS */;
/*!40101 SET COLLATION_CONNECTION=@OLD_COLLATION_CONNECTION */;
